fpr,tpr,threshold
0.0,0.0,
0.00010194719135487817,0.0,0.43974241614341736
0.0036700988887756144,0.0,0.19431640207767487
0.0036700988887756144,0.005235602094240838,0.19005168974399567
0.0037720460801304923,0.005235602094240838,0.18629077076911926
0.0037720460801304923,0.010471204188481676,0.185414120554924
0.003975940462840249,0.010471204188481676,0.18346907198429108
0.003975940462840249,0.015706806282722512,0.1812884509563446
0.00448567641961464,0.015706806282722512,0.17177291214466095
0.00448567641961464,0.020942408376963352,0.17062635719776154
0.006932409012131715,0.020942408376963352,0.14340771734714508
0.007136303394841472,0.020942408376963352,0.14282235503196716
0.007442144968906107,0.020942408376963352,0.13699665665626526
0.007442144968906107,0.02617801047120419,0.13586261868476868
0.00835966969110001,0.02617801047120419,0.12966038286685944
0.00835966969110001,0.031413612565445025,0.1296413391828537
0.010806402283617086,0.031413612565445025,0.11634618043899536
0.010806402283617086,0.03664921465968586,0.11586085706949234
0.011010296666326842,0.03664921465968586,0.11476705968379974
0.011010296666326842,0.041884816753926704,0.1145542785525322
0.011112243857681722,0.041884816753926704,0.1139674261212349
0.011112243857681722,0.04712041884816754,0.11368387937545776
0.012539504536650016,0.04712041884816754,0.10841134190559387
0.012539504536650016,0.05235602094240838,0.10774067789316177
0.014170659598328066,0.05235602094240838,0.10374997556209564
0.014170659598328066,0.05759162303664921,0.1035144180059433
0.014272606789682944,0.05759162303664921,0.10210920870304108
0.014272606789682944,0.06282722513089005,0.1020275130867958
0.01508818432052197,0.06282722513089005,0.0998757854104042
0.01508818432052197,0.06806282722513089,0.09964609891176224
0.01733102253032929,0.06806282722513089,0.09304191172122955
0.01733102253032929,0.07853403141361257,0.09238060563802719
0.021918646141298806,0.07853403141361257,0.08507586270570755
0.021918646141298806,0.08376963350785341,0.0850541889667511
0.0224283820980732,0.08376963350785341,0.08449079841375351
0.0224283820980732,0.08900523560209424,0.08444368839263916
0.023243959628912222,0.08900523560209424,0.08269830048084259
0.023243959628912222,0.09947643979057591,0.08212752640247345
0.023855642777041493,0.09947643979057591,0.08098136633634567
0.023855642777041493,0.10471204188481675,0.08089902997016907
0.024773167499235395,0.10471204188481675,0.07943371683359146
0.024773167499235395,0.1099476439790576,0.0792023241519928
0.027016005709042716,0.1099476439790576,0.07606258988380432
0.027016005709042716,0.11518324607329843,0.07599344104528427
0.02966663268426955,0.11518324607329843,0.07247750461101532
0.02966663268426955,0.12041884816753927,0.07243163138628006
0.03476399225201346,0.12041884816753927,0.06685950607061386
0.03476399225201346,0.1256544502617801,0.06679161638021469
0.035681516974207364,0.1256544502617801,0.06605303287506104
0.035681516974207364,0.13089005235602094,0.06600099802017212
0.03680293607911102,0.13089005235602094,0.06513170152902603
0.03680293607911102,0.13612565445026178,0.0651206225156784
0.05250280354776226,0.13612565445026178,0.05372912436723709
0.05250280354776226,0.14136125654450263,0.053703419864177704
0.05627484962789275,0.14136125654450263,0.05173821374773979
0.05627484962789275,0.14659685863874344,0.05171315744519234
0.057396268732796414,0.14659685863874344,0.05111376568675041
0.057396268732796414,0.1518324607329843,0.05109040066599846
0.05872158222040983,0.1518324607329843,0.0503418929874897
0.05872158222040983,0.15706806282722513,0.05032123252749443
0.06014884289937812,0.15706806282722513,0.04973549395799637
0.06014884289937812,0.16230366492146597,0.04969517141580582
0.06381894178815374,0.16230366492146597,0.04858764261007309
0.06381894178815374,0.16753926701570682,0.04856903851032257
0.06555204404118667,0.16753926701570682,0.04782147705554962
0.06555204404118667,0.17277486910994763,0.0477597638964653
0.06616372718931593,0.17277486910994763,0.04705139994621277
0.06616372718931593,0.17801047120418848,0.04705019295215607
0.06932409012131716,0.17801047120418848,0.04593537375330925
0.06932409012131716,0.18324607329842932,0.04580339044332504
0.07044550922622082,0.18324607329842932,0.04519033804535866
0.07044550922622082,0.18848167539267016,0.045179057866334915
0.07187276990518911,0.18848167539267016,0.0445830412209034
0.07187276990518911,0.193717277486911,0.044548556208610535
0.07533897441125496,0.193717277486911,0.043198756873607635
0.07533897441125496,0.19895287958115182,0.04317721724510193
0.07747986542970742,0.19895287958115182,0.04243801534175873
0.07747986542970742,0.20418848167539266,0.04241945967078209
0.07778570700377205,0.20418848167539266,0.04232682287693024
0.07778570700377205,0.2094240837696335,0.04231773316860199
0.08675705984300132,0.2094240837696335,0.03968789801001549
0.08675705984300132,0.21465968586387435,0.0396675281226635
0.08869405647874401,0.21465968586387435,0.03911938518285751
0.08869405647874401,0.2198952879581152,0.039082903414964676
0.09001936996635743,0.2198952879581152,0.03890791907906532
0.09001936996635743,0.225130890052356,0.03890009969472885
0.09165052502803547,0.225130890052356,0.03853476792573929
0.09165052502803547,0.23036649214659685,0.03852127119898796
0.09185441941074524,0.23036649214659685,0.0383739098906517
0.09185441941074524,0.2356020942408377,0.03835449740290642
0.09348557447242328,0.2356020942408377,0.0379972867667675
0.09348557447242328,0.24083769633507854,0.037981122732162476
0.09960240595371597,0.24083769633507854,0.03655754029750824
0.09960240595371597,0.24607329842931938,0.03653731942176819
0.10735039249668672,0.24607329842931938,0.034812185913324356
0.10755428687939647,0.24607329842931938,0.03480760008096695
0.10918544194107452,0.24607329842931938,0.03441067412495613
0.10918544194107452,0.2513089005235602,0.03440955653786659
0.11030686104597819,0.2513089005235602,0.03427278622984886
0.11030686104597819,0.25654450261780104,0.03427042439579964
0.11122438576817209,0.25654450261780104,0.03409641981124878
0.11122438576817209,0.2617801047120419,0.034095752984285355
0.1116321745335916,0.2617801047120419,0.03405348211526871
0.1116321745335916,0.2670157068062827,0.034037940204143524
0.12172494647772454,0.2670157068062827,0.03248982131481171
0.12172494647772454,0.27225130890052357,0.032482344657182693
0.13039045774288918,0.27225130890052357,0.03074849210679531
0.13039045774288918,0.2774869109947644,0.030731990933418274
0.1312060352737282,0.2774869109947644,0.030603084713220596
0.1312060352737282,0.28272251308900526,0.030599648132920265
0.13242940156998675,0.28272251308900526,0.03043702244758606
0.13242940156998675,0.2879581151832461,0.03043689951300621
0.13283719033540625,0.2879581151832461,0.030373653396964073
0.13283719033540625,0.2931937172774869,0.030369367450475693
0.1345702925884392,0.2931937172774869,0.030169237405061722
0.1345702925884392,0.29842931937172773,0.03015202470123768
0.13538587011927822,0.29842931937172773,0.030073000118136406
0.13538587011927822,0.3036649214659686,0.030063657090067863
0.14680395555102457,0.3036649214659686,0.02843019925057888
0.14700784993373434,0.3036649214659686,0.028423454612493515
0.14721174431644407,0.3036649214659686,0.02841203473508358
0.14721174431644407,0.3089005235602094,0.0283995121717453
0.1541441533285758,0.3089005235602094,0.02748085744678974
0.1541441533285758,0.31413612565445026,0.02747022546827793
0.16423692527270875,0.31413612565445026,0.02637043036520481
0.16423692527270875,0.3193717277486911,0.026355134323239326
0.16974207360587215,0.3193717277486911,0.025789014995098114
0.16974207360587215,0.32460732984293195,0.025782030075788498
0.1704557039453563,0.32460732984293195,0.025705132633447647
0.1704557039453563,0.3298429319371728,0.025658776983618736
0.17229075338974412,0.3298429319371728,0.02547110803425312
0.17229075338974412,0.33507853403141363,0.02546755224466324
0.17249464777245388,0.33507853403141363,0.025435350835323334
0.17249464777245388,0.3403141361256545,0.025428112596273422
0.1728004893465185,0.3403141361256545,0.02541661635041237
0.1728004893465185,0.34554973821989526,0.025413092225790024
0.176572535426649,0.34554973821989526,0.02495620772242546
0.176572535426649,0.3507853403141361,0.0249448511749506
0.17779590172290755,0.3507853403141361,0.02489975281059742
0.17779590172290755,0.35602094240837695,0.024892965331673622
0.17901926801916607,0.35602094240837695,0.024731390178203583
0.17901926801916607,0.3612565445026178,0.02472582831978798
0.19767560403710877,0.3612565445026178,0.022611035034060478
0.19767560403710877,0.36649214659685864,0.022604482248425484
0.20205933326536854,0.36649214659685864,0.02232953906059265
0.20205933326536854,0.3717277486910995,0.022323692217469215
0.2027729636048527,0.3717277486910995,0.022288117557764053
0.2027729636048527,0.3769633507853403,0.022284522652626038
0.20379243551840145,0.3769633507853403,0.02219199202954769
0.20379243551840145,0.38219895287958117,0.022189317271113396
0.2046080130492405,0.38219895287958117,0.022139066830277443
0.2046080130492405,0.387434554973822,0.0221348088234663
0.20623916811091855,0.387434554973822,0.021968131884932518
0.20623916811091855,0.39267015706806285,0.02195899933576584
0.21276378835763074,0.39267015706806285,0.02139243856072426
0.21276378835763074,0.39790575916230364,0.021382154896855354
0.21357936588846976,0.39790575916230364,0.021312091499567032
0.21357936588846976,0.4031413612565445,0.021311044692993164
0.2298909165052503,0.4031413612565445,0.020051918923854828
0.2298909165052503,0.4083769633507853,0.020050084218382835
0.23335712101131614,0.4083769633507853,0.01979897916316986
0.23335712101131614,0.41361256544502617,0.019795523956418037
0.23519217045570395,0.41361256544502617,0.01968482695519924
0.23519217045570395,0.418848167539267,0.019661081954836845
0.2400856356407381,0.418848167539267,0.019335702061653137
0.24028953002344786,0.418848167539267,0.01933305524289608
0.24079926598022225,0.418848167539267,0.01929955556988716
0.24079926598022225,0.42408376963350786,0.019288601353764534
0.24314405138138445,0.42408376963350786,0.01907428726553917
0.24314405138138445,0.4293193717277487,0.019068097695708275
0.2549699255785503,0.4293193717277487,0.018260862678289413
0.25517381996126004,0.4293193717277487,0.01825794018805027
0.25660108064022835,0.4293193717277487,0.01818951778113842
0.25660108064022835,0.43455497382198954,0.018180830404162407
0.25833418289326127,0.43455497382198954,0.018040701746940613
0.25833418289326127,0.4397905759162304,0.01802174746990204
0.26078091548577836,0.4397905759162304,0.01783790811896324
0.26078091548577836,0.44502617801047123,0.017837289720773697
0.26322764807829546,0.44502617801047123,0.01767502911388874
0.26322764807829546,0.450261780104712,0.017668794840574265
0.2724028953002345,0.450261780104712,0.01701328530907631
0.2724028953002345,0.45549738219895286,0.01700805500149727
0.2788255683555918,0.45549738219895286,0.016615228727459908
0.27902946273830154,0.45549738219895286,0.01660897210240364
0.28239372005301255,0.45549738219895286,0.016409819945693016
0.28239372005301255,0.4607329842931937,0.016409343108534813
0.284534611071465,0.4607329842931937,0.016299312934279442
0.284534611071465,0.46596858638743455,0.016297874972224236
0.28738913242940156,0.46596858638743455,0.016172580420970917
0.28738913242940156,0.4712041884816754,0.016170447692275047
0.2886124987256601,0.4712041884816754,0.01608920469880104
0.2886124987256601,0.47643979057591623,0.016088346019387245
0.2900397594046284,0.47643979057591623,0.016009680926799774
0.2900397594046284,0.4816753926701571,0.01600865088403225
0.29360791110204915,0.4816753926701571,0.015749279409646988
0.29360791110204915,0.4869109947643979,0.015747763216495514
0.2976857987562443,0.4869109947643979,0.015554375946521759
0.2976857987562443,0.4973821989528796,0.015548239462077618
0.3014578448363748,0.4973821989528796,0.015293301083147526
0.3014578448363748,0.5026178010471204,0.015292785130441189
0.3041084718116016,0.5026178010471204,0.015134431421756744
0.3041084718116016,0.5078534031413613,0.015130081214010715
0.31603629320012233,0.5078534031413613,0.014505679719150066
0.31603629320012233,0.5130890052356021,0.014500648714601994
0.32521154042206135,0.5130890052356021,0.014076989144086838
0.32521154042206135,0.518324607329843,0.014074679464101791
0.32959526965032115,0.518324607329843,0.01387510634958744
0.32959526965032115,0.5235602094240838,0.013873848132789135
0.33265368539096746,0.5235602094240838,0.013716641813516617
0.33265368539096746,0.5287958115183246,0.01371482852846384
0.33418289326129064,0.5287958115183246,0.013632179237902164
0.33418289326129064,0.5340314136125655,0.013630564324557781
0.33561015394025895,0.5340314136125655,0.01354589220136404
0.33561015394025895,0.5392670157068062,0.013522329740226269
0.341421143847487,0.5392670157068062,0.01324276439845562
0.341421143847487,0.5445026178010471,0.013241543434560299
0.34254256295239066,0.5445026178010471,0.013192307204008102
0.34254256295239066,0.5497382198952879,0.013188391923904419
0.3438678764400041,0.5497382198952879,0.013123389333486557
0.3438678764400041,0.5549738219895288,0.013118320144712925
0.34774186971148946,0.5549738219895288,0.012968634255230427
0.34774186971148946,0.5602094240837696,0.012964960187673569
0.35008665511265163,0.5602094240837696,0.01285138912498951
0.35008665511265163,0.5654450261780105,0.012851080857217312
0.35324701804465286,0.5654450261780105,0.012707995250821114
0.35324701804465286,0.5706806282722513,0.012701857835054398
0.358140483229687,0.5706806282722513,0.012415030039846897
0.358140483229687,0.5759162303664922,0.012413077987730503
0.35844632480375166,0.5759162303664922,0.012391514144837856
0.35844632480375166,0.581151832460733,0.012389921583235264
0.3642573147109797,0.581151832460733,0.012171654962003231
0.3642573147109797,0.5863874345549738,0.012171122245490551
0.3645631562850443,0.5863874345549738,0.012168841436505318
0.3645631562850443,0.5916230366492147,0.01216814760118723
0.36466510347639924,0.5916230366492147,0.012162039056420326
0.36466510347639924,0.5968586387434555,0.012158115394413471
0.36517483943317364,0.5968586387434555,0.012137710116803646
0.36517483943317364,0.6020942408376964,0.012117081321775913
0.3676215720256907,0.6020942408376964,0.012046496383845806
0.3676215720256907,0.6073298429319371,0.01204640045762062
0.37017025180956264,0.6073298429319371,0.011945667676627636
0.37017025180956264,0.612565445026178,0.011930183507502079
0.38056886532776024,0.612565445026178,0.011510764248669147
0.38056886532776024,0.6178010471204188,0.011510509066283703
0.39249668671628096,0.6178010471204188,0.011030125431716442
0.39249668671628096,0.6230366492146597,0.011025117710232735
0.3927005810989907,0.6230366492146597,0.01101478561758995
0.3927005810989907,0.6282722513089005,0.011001268401741982
0.4007544092160261,0.6282722513089005,0.010686354711651802
0.4007544092160261,0.6335078534031413,0.010681717656552792
0.4013660923641554,0.6335078534031413,0.01064884290099144
0.4013660923641554,0.6387434554973822,0.010645953938364983
0.40330308899989803,0.6387434554973822,0.010561859235167503
0.4035069833826078,0.6387434554973822,0.010561485774815083
0.42012437557345295,0.6387434554973822,0.009988534264266491
0.42012437557345295,0.643979057591623,0.009973334148526192
0.42257110816597004,0.643979057591623,0.009900526143610477
0.42257110816597004,0.6492146596858639,0.009895124472677708
0.4234886328881639,0.6492146596858639,0.00986503716558218
0.4234886328881639,0.6544502617801047,0.009863375686109066
0.4268528902028749,0.6544502617801047,0.009722432121634483
0.4268528902028749,0.6596858638743456,0.009717580862343311
0.43082883066571515,0.6596858638743456,0.009609656408429146
0.43082883066571515,0.6649214659685864,0.009609216824173927
0.43409114078907124,0.6649214659685864,0.009496346116065979
0.43409114078907124,0.6701570680628273,0.009492875076830387
0.43511061270262,0.6701570680628273,0.009463571012020111
0.4353145070853298,0.6701570680628273,0.009461332112550735
0.4362320318075237,0.6701570680628273,0.009428350254893303
0.4362320318075237,0.675392670157068,0.009427602402865887
0.43674176776429807,0.675392670157068,0.009415141306817532
0.43674176776429807,0.680628272251309,0.009411864914000034
0.4408196554184932,0.680628272251309,0.009307348169386387
0.4408196554184932,0.6858638743455497,0.009304569102823734
0.44245081048017126,0.6858638743455497,0.0092306574806571
0.44245081048017126,0.6910994764397905,0.009229345247149467
0.44724232847385054,0.6910994764397905,0.00905159767717123
0.44724232847385054,0.6963350785340314,0.009051457047462463
0.4478540116219798,0.6963350785340314,0.009031317196786404
0.4478540116219798,0.7015706806282722,0.009030023589730263
0.4512182689366908,0.7015706806282722,0.00888578500598669
0.4512182689366908,0.7068062827225131,0.008884500712156296
0.461922724028953,0.7068062827225131,0.008480037562549114
0.46212661841166275,0.7068062827225131,0.0084766186773777
0.4625344071770823,0.7068062827225131,0.008461481891572475
0.4625344071770823,0.7120418848167539,0.008459342643618584
0.4674278723621164,0.7120418848167539,0.008255096152424812
0.4674278723621164,0.7172774869109948,0.008249865844845772
0.4711999184422469,0.7172774869109948,0.008123771287500858
0.4711999184422469,0.7225130890052356,0.008123314008116722
0.47201549597308595,0.7225130890052356,0.00810051616281271
0.47201549597308595,0.7277486910994765,0.008083917200565338
0.47374859822611887,0.7277486910994765,0.008024035021662712
0.47374859822611887,0.7329842931937173,0.008018860593438148
0.48424915893567133,0.7329842931937173,0.007739532273262739
0.48424915893567133,0.7382198952879581,0.007733082864433527
0.4873075746763177,0.7382198952879581,0.007670667953789234
0.4873075746763177,0.743455497382199,0.007668327074497938
0.48740952186767256,0.743455497382199,0.007666382472962141
0.48740952186767256,0.7539267015706806,0.007661701180040836
0.49169130390457744,0.7539267015706806,0.007550559937953949
0.49169130390457744,0.7591623036649214,0.007548923138529062
0.5040269140585177,0.7591623036649214,0.007140233181416988
0.5040269140585177,0.7643979057591623,0.007135224994271994
0.5047405443980019,0.7643979057591623,0.007111664395779371
0.5047405443980019,0.7696335078534031,0.007111165672540665
0.5055561219288408,0.7696335078534031,0.007089573889970779
0.5055561219288408,0.774869109947644,0.007087557576596737
0.5063716994596799,0.774869109947644,0.007080124691128731
0.5063716994596799,0.7801047120418848,0.007077259011566639
0.5092262208176165,0.7801047120418848,0.007009461522102356
0.5092262208176165,0.7853403141361257,0.0070078554563224316
0.5135080028545214,0.7853403141361257,0.006894465070217848
0.5135080028545214,0.7905759162303665,0.006894334685057402
0.5240085635640738,0.7905759162303665,0.006618536543101072
0.5240085635640738,0.7958115183246073,0.006615862715989351
0.5283922927923336,0.7958115183246073,0.006483169272542
0.5283922927923336,0.8010471204188482,0.006480718497186899
0.5358344377612396,0.8010471204188482,0.006277572829276323
0.5358344377612396,0.806282722513089,0.006277507171034813
0.5416454276684677,0.806282722513089,0.006100114434957504
0.5416454276684677,0.8115183246073299,0.0060989027842879295
0.5435824243042104,0.8115183246073299,0.006052657961845398
0.5437863186869202,0.8115183246073299,0.006051826290786266
0.5438882658782751,0.8115183246073299,0.006050067953765392
0.5438882658782751,0.8167539267015707,0.006048867013305426
0.5443980018350495,0.8167539267015707,0.006041689310222864
0.5446018962177592,0.8167539267015707,0.006041151005774736
0.5454174737485983,0.8167539267015707,0.006019754335284233
0.5454174737485983,0.8219895287958116,0.006012411788105965
0.5458252625140178,0.8219895287958116,0.005999380256980658
0.5458252625140178,0.8272251308900523,0.005997324828058481
0.5569375063716995,0.8272251308900523,0.005704616662114859
0.5569375063716995,0.8324607329842932,0.005697786342352629
0.5605056580691202,0.8324607329842932,0.005590137094259262
0.5605056580691202,0.837696335078534,0.005590108223259449
0.5610153940258946,0.837696335078534,0.0055820210836827755
0.5610153940258946,0.8429319371727748,0.005580552387982607
0.5613212355999592,0.8429319371727748,0.005576211493462324
0.5613212355999592,0.8481675392670157,0.005575397051870823
0.5649913344887348,0.8481675392670157,0.005484814755618572
0.5651952288714446,0.8481675392670157,0.005483880639076233
0.5723315322662861,0.8481675392670157,0.005312671419233084
0.5723315322662861,0.8534031413612565,0.0053114620968699455
0.5725354266489958,0.8534031413612565,0.0053039672784507275
0.5725354266489958,0.8586387434554974,0.005295151844620705
0.5813028851055153,0.8586387434554974,0.00502720195800066
0.5813028851055153,0.8638743455497382,0.005026939790695906
0.5836476705066775,0.8638743455497382,0.004989098757505417
0.5836476705066775,0.8691099476439791,0.0049858358688652515
0.5856866143337751,0.8691099476439791,0.004940134473145008
0.5856866143337751,0.8743455497382199,0.0049391030333936214
0.5950657559384239,0.8743455497382199,0.004716110415756702
0.5950657559384239,0.8795811518324608,0.00471488619223237
0.5969008053828117,0.8795811518324608,0.004670248832553625
0.5969008053828117,0.8848167539267016,0.00466809282079339
0.6003670098888776,0.8848167539267016,0.004570393823087215
0.6005709042715873,0.8848167539267016,0.0045679849572479725
0.6080130492404934,0.8848167539267016,0.0044001988135278225
0.6080130492404934,0.8900523560209425,0.004393462557345629
0.6098480986848812,0.8900523560209425,0.004362467210739851
0.6098480986848812,0.8952879581151832,0.004362187348306179
0.611683148129269,0.8952879581151832,0.00431849155575037
0.611683148129269,0.900523560209424,0.004318393301218748
0.6122948312773983,0.900523560209424,0.0043119704350829124
0.6122948312773983,0.9057591623036649,0.0043114484287798405
0.6250382301967581,0.9057591623036649,0.004019875079393387
0.6250382301967581,0.9162303664921466,0.0040192375890910625
0.6370679987766337,0.9162303664921466,0.003763055196031928
0.6372718931593434,0.9162303664921466,0.0037591583095490932
0.6430828830665715,0.9162303664921466,0.003651241073384881
0.6430828830665715,0.9214659685863874,0.0036503823939710855
0.6556223876032216,0.9214659685863874,0.003383697709068656
0.6558262819859313,0.9214659685863874,0.003383477684110403
0.6602100112141911,0.9214659685863874,0.003280817996710539
0.6602100112141911,0.9267015706806283,0.0032806105446070433
0.6675502089917422,0.9267015706806283,0.0031140476930886507
0.6675502089917422,0.9319371727748691,0.00311120692640543
0.6680599449485166,0.9319371727748691,0.0031013579573482275
0.6680599449485166,0.93717277486911,0.003092864528298378
0.6731573045162605,0.93717277486911,0.0029861191287636757
0.6733611988989703,0.93717277486911,0.002983206184580922
0.7234172698542155,0.93717277486911,0.0021597843151539564
0.7234172698542155,0.9424083769633508,0.0021583253983408213
0.7259659496380875,0.9424083769633508,0.002119761426001787
0.7261698440207972,0.9424083769633508,0.0021177863236516714
0.7338158833724131,0.9424083769633508,0.0020006990525871515
0.7340197777551228,0.9424083769633508,0.001998800551518798
0.7457437047609339,0.9424083769633508,0.0018481242004781961
0.7457437047609339,0.9476439790575916,0.0018479968421161175
0.7496176980324192,0.9476439790575916,0.0017910482129082084
0.7496176980324192,0.9528795811518325,0.0017856955528259277
0.7533897441125497,0.9528795811518325,0.0017442934913560748
0.7535936384952595,0.9528795811518325,0.0017425523838028312
0.7562442654704863,0.9528795811518325,0.0017221450107172132
0.756448159853196,0.9528795811518325,0.0017221170710399747
0.7656234070751351,0.9528795811518325,0.0016053207218647003
0.7656234070751351,0.9581151832460733,0.001604766002856195
0.7687837700071363,0.9581151832460733,0.001576250302605331
0.7689876643898461,0.9581151832460733,0.001576035749167204
0.7693954531552656,0.9581151832460733,0.0015691232401877642
0.7695993475379753,0.9581151832460733,0.0015684718964621425
0.7750025486797839,0.9581151832460733,0.0015004405286163092
0.7750025486797839,0.9633507853403142,0.0014998320257291198
0.7825466408400449,0.9633507853403142,0.0014196510892361403
0.7825466408400449,0.9685863874345549,0.0014194598188623786
0.7873381588337242,0.9685863874345549,0.001361176953651011
0.7873381588337242,0.9738219895287958,0.0013602180406451225
0.7887654195126924,0.9738219895287958,0.0013537748018279672
0.7889693138954021,0.9738219895287958,0.0013533320743590593
0.804159445407279,0.9738219895287958,0.0012141827028244734
0.8043633397899888,0.9738219895287958,0.0012138988822698593
0.8086451218268936,0.9738219895287958,0.001180234830826521
0.8088490162096035,0.9738219895287958,0.0011799706844612956
0.8323988174125803,0.9738219895287958,0.0009808419272303581
0.8323988174125803,0.9790575916230366,0.000980069860816002
0.8377000713630339,0.9790575916230366,0.0009491547825746238
0.8377000713630339,0.9842931937172775,0.0009491352830082178
0.8386175960852279,0.9842931937172775,0.0009447738411836326
0.8388214904679376,0.9842931937172775,0.0009445660398341715
0.8469772657763278,0.9842931937172775,0.0008877622312866151
0.8471811601590377,0.9842931937172775,0.0008875486091710627
0.8609440309919462,0.9842931937172775,0.0007926452672109008
0.8611479253746559,0.9842931937172775,0.0007925138343125582
0.8817412580283414,0.9842931937172775,0.00069017632631585
0.8819451524110511,0.9842931937172775,0.0006898847059346735
0.8845957793862779,0.9842931937172775,0.0006743742851540446
0.8845957793862779,0.9895287958115183,0.000672764319460839
0.8879600367009889,0.9895287958115183,0.0006571386475116014
0.8882658782750535,0.9895287958115183,0.0006570362020283937
0.8997859108981547,0.9895287958115183,0.0006040521548129618
0.8999898052808645,0.9895287958115183,0.0006039902218617499
0.902130696299317,0.9895287958115183,0.0005933814682066441
0.9023345906820267,0.9895287958115183,0.000593365344684571
0.9028443266388011,0.9895287958115183,0.0005921800038777292
0.9030482210215108,0.9895287958115183,0.000591904972679913
0.9041696401264145,0.9895287958115183,0.0005834989715367556
0.9043735345091243,0.9895287958115183,0.0005832267925143242
0.907024161484351,0.9895287958115183,0.0005686284857802093
0.9072280558670609,0.9895287958115183,0.0005685989162884653
0.917116933428484,0.9895287958115183,0.0005298373871482909
0.9173208278111938,0.9895287958115183,0.0005288520478643477
0.9274135997553268,0.9895287958115183,0.00048511280328966677
0.9276174941380365,0.9895287958115183,0.0004841422778554261
0.9299622795391987,0.9895287958115183,0.00047624684520997107
0.9301661739219085,0.9895287958115183,0.0004760466981679201
0.9303700683046182,0.9895287958115183,0.0004751832166220993
0.930573962687328,0.9895287958115183,0.00047517052735202014
0.9358752166377816,0.9895287958115183,0.00045140591100789607
0.9360791110204914,0.9895287958115183,0.00045113838859833777
0.9415842593536549,0.9895287958115183,0.0004278870765119791
0.9417881537363646,0.9895287958115183,0.00042720852070488036
0.9426037312672035,0.9895287958115183,0.0004255410749465227
0.9428076256499134,0.9895287958115183,0.0004252348735462874
0.9452543582424304,0.9895287958115183,0.0004138067306485027
0.9454582526251402,0.9895287958115183,0.00041375821456313133
0.9504536650015292,0.9895287958115183,0.0003948041994590312
0.950657559384239,0.9895287958115183,0.00039468679460696876
0.9560607605260475,0.9895287958115183,0.0003755431098397821
0.9562646549087572,0.9895287958115183,0.0003754588251467794
0.9573860740136609,0.9895287958115183,0.00037236762000247836
0.9575899683963707,0.9895287958115183,0.00037223187973722816
0.9658476908961158,0.9895287958115183,0.00034008792135864496
0.9660515852788256,0.9895287958115183,0.00033966833143495023
0.9684983178713427,0.9895287958115183,0.0003291231987532228
0.9687022122540524,0.9895287958115183,0.0003284777922090143
0.9747170965439902,0.9895287958115183,0.0003060238959733397
0.9749209909266999,0.9895287958115183,0.0003052939136978239
0.9761443572229586,0.9895287958115183,0.00030066908220760524
0.9763482516056683,0.9895287958115183,0.0003005670732818544
0.978183301050056,0.9895287958115183,0.0002906503505073488
0.9782852482414109,0.9947643979057592,0.00029034403269179165
0.9785910898154756,0.9947643979057592,0.0002883424167521298
0.9787949841981853,0.9947643979057592,0.00028821625164709985
0.9809358752166378,0.9947643979057592,0.0002766456746030599
0.9811397695993476,0.9947643979057592,0.00027617134037427604
0.9820572943215414,0.9947643979057592,0.0002713985159061849
0.9820572943215414,1.0,0.0002702814235817641
0.9841981853399939,1.0,0.0002610255323816091
0.9845040269140585,1.0,0.0002595934784039855
0.9856254460189622,1.0,0.00025351287331432104
0.9858293404016719,1.0,0.00025284712319262326
0.9871546538892854,1.0,0.00024827884044498205
0.9873585482719951,1.0,0.00024790558381937444
0.9879702314201244,1.0,0.00023755666916258633
0.9881741258028341,1.0,0.0002348510461160913
0.9936792741359975,1.0,0.00018302106764167547
0.9938831685187073,1.0,0.0001828708773246035
0.9956162707717402,1.0,0.00016720716666895896
0.9959221123458049,1.0,0.0001665315794525668
1.0,1.0,7.789673691149801e-05
