Public_file,Field,Description,Unit,Context,Missing_values
code/data/social_sensing/shanghai_manual_validation.csv,public_record_id,"Retained anonymous source key; repeated keys are preserved (446 rows, 419 distinct keys)","anonymous key, not unique row index",Fixed anonymous Shanghai demonstration or validation records,Blank means unavailable or not applicable; source values are retained
code/data/social_sensing/shanghai_manual_validation.csv,llm_judgement,Fire-case classification by the named assessment method; original categorical label retained,category/text,Fixed anonymous Shanghai demonstration or validation records,Blank means unavailable or not applicable; source values are retained
code/data/social_sensing/shanghai_manual_validation.csv,consensus_judgement,Fire-case classification by the named assessment method; original categorical label retained,category/text,Fixed anonymous Shanghai demonstration or validation records,Blank means unavailable or not applicable; source values are retained
code/data/social_sensing/shanghai_manual_validation.csv,valid_fire_case,"Binary fire label: 1 = positive/valid, 0 = negative/rejected",binary,Fixed anonymous Shanghai demonstration or validation records,Blank means unavailable or not applicable; source values are retained
code/data/social_sensing/shanghai_weibo_anonymized.csv,public_event_id,Anonymous public identifier; no source-identity or location mapping is released,identifier,Fixed anonymous Shanghai demonstration or validation records,Blank means unavailable or not applicable; source values are retained
code/data/social_sensing/shanghai_weibo_anonymized.csv,event_month,Month of the anonymous event aggregate,YYYY-MM,Fixed anonymous Shanghai demonstration or validation records,Blank means unavailable or not applicable; source values are retained
code/data/social_sensing/shanghai_weibo_anonymized.csv,post_count,Number of posts or summed interaction count named by the field,count,Fixed anonymous Shanghai demonstration or validation records,Blank means unavailable or not applicable; source values are retained
code/data/social_sensing/shanghai_weibo_anonymized.csv,repost_count_sum,Number of posts or summed interaction count named by the field,count,Fixed anonymous Shanghai demonstration or validation records,Blank means unavailable or not applicable; source values are retained
code/data/social_sensing/shanghai_weibo_anonymized.csv,comment_count_sum,Number of posts or summed interaction count named by the field,count,Fixed anonymous Shanghai demonstration or validation records,Blank means unavailable or not applicable; source values are retained
code/data/social_sensing/shanghai_weibo_anonymized.csv,praise_count_sum,Number of posts or summed interaction count named by the field,count,Fixed anonymous Shanghai demonstration or validation records,Blank means unavailable or not applicable; source values are retained
code/data/social_sensing/shanghai_weibo_anonymized.csv,has_coordinates,Availability flag in the source record; no associated location value is released,binary,Fixed anonymous Shanghai demonstration or validation records,Blank means unavailable or not applicable; source values are retained
code/data/social_sensing/shanghai_weibo_anonymized.csv,has_place_name,Availability flag in the source record; no associated location value is released,binary,Fixed anonymous Shanghai demonstration or validation records,Blank means unavailable or not applicable; source values are retained
code/data/social_sensing/shanghai_weibo_anonymized.csv,has_address,Availability flag in the source record; no associated location value is released,binary,Fixed anonymous Shanghai demonstration or validation records,Blank means unavailable or not applicable; source values are retained
demo/data/shanghai_buildings_anonymized_10k.csv,public_building_id,Anonymous public identifier; no source-identity or location mapping is released,identifier,Fixed anonymous Shanghai demonstration or validation records,Blank means unavailable or not applicable; source values are retained
demo/data/shanghai_buildings_anonymized_10k.csv,City,Named administrative unit represented by the row,category/text,Fixed anonymous Shanghai demonstration or validation records,Blank means unavailable or not applicable; source values are retained
demo/data/shanghai_buildings_anonymized_10k.csv,fire,"Binary fire label: 1 = positive/valid, 0 = negative/rejected",binary,Fixed anonymous Shanghai demonstration or validation records,Blank means unavailable or not applicable; source values are retained
demo/data/shanghai_buildings_anonymized_10k.csv,Projected_Area,"Building footprint size, used as a proxy for building scale and exposed plan area. Projected_Area = Area.",m²,Fixed anonymous Shanghai demonstration or validation records,Blank means unavailable or not applicable; source values are retained
demo/data/shanghai_buildings_anonymized_10k.csv,Height,Vertical building scale. Height = Height.,m,Fixed anonymous Shanghai demonstration or validation records,Blank means unavailable or not applicable; source values are retained
demo/data/shanghai_buildings_anonymized_10k.csv,Plot_Ratio,Development intensity represented by floor-area ratio. Plot_Ratio equals the recorded floor-area ratio,dimensionless,Fixed anonymous Shanghai demonstration or validation records,Blank means unavailable or not applicable; source values are retained
demo/data/shanghai_buildings_anonymized_10k.csv,Effective_Age,Approximate building age relative to the 2022 reference year. Effective_Age = 2022 - Age. ,years,Fixed anonymous Shanghai demonstration or validation records,Blank means unavailable or not applicable; source values are retained
demo/data/shanghai_buildings_anonymized_10k.csv,Mean_Age_Score,Population age-composition score incorporating younger and older age groups. Population-weighted age-bin score = [2 × (f_0_2 + m_0_2) + 12 × (f_5_2 + m_5_2) + 20 × (f_15_2 + m_15_2) + 35 × (f_25_2 + m_25_2) + 55 × (f_45_2 + m_45_2) + 75 × (f_65abv_2 + m_65abv_2)] / Real_Total_Pop.,years-like score,Fixed anonymous Shanghai demonstration or validation records,Blank means unavailable or not applicable; source values are retained
demo/data/shanghai_buildings_anonymized_10k.csv,Pop_Density,Population intensity normalized by estimated total building floor area. Real_Total_Pop is the sum of the 12 sex-by-age-bin fields. Total_Built_Area = Projected_Area × Fnum. Pop_Density = Real_Total_Pop / Total_Built_Area.,persons m⁻² floor area,Fixed anonymous Shanghai demonstration or validation records,Blank means unavailable or not applicable; source values are retained
demo/data/shanghai_buildings_anonymized_10k.csv,Price,Local housing sale-price level. Price equals the recorded average housing price,CNY m⁻²,Fixed anonymous Shanghai demonstration or validation records,Blank means unavailable or not applicable; source values are retained
demo/data/shanghai_buildings_anonymized_10k.csv,Fee,Property management fee level. Fee equals the recorded property management fee,CNY m⁻² month⁻¹,Fixed anonymous Shanghai demonstration or validation records,Blank means unavailable or not applicable; source values are retained
demo/data/shanghai_buildings_anonymized_10k.csv,EUI,Building energy-use intensity. EUI equals the UBEM-derived electricity facility energy-use intensity,kWh m⁻² (source label: kWh/sqm),Fixed anonymous Shanghai demonstration or validation records,Blank means unavailable or not applicable; source values are retained
demo/data/shanghai_buildings_anonymized_10k.csv,Real_Total_Pop,Estimated total population used in the source denominator,persons,Fixed anonymous Shanghai demonstration or validation records,Blank means unavailable or not applicable; source values are retained
demo/data/shanghai_buildings_anonymized_10k.csv,Total_Built_Area,Estimated total building floor area; retained descriptive variable,m²,Fixed anonymous Shanghai demonstration or validation records,Blank means unavailable or not applicable; source values are retained
demo/data/shanghai_buildings_anonymized_10k.csv,Usage,Source or displayed grouping/category indicated by this field,category/text,Fixed anonymous Shanghai demonstration or validation records,Blank means unavailable or not applicable; source values are retained
figure/figure2/a/Fig2a_city_event_counts.csv,city,Named administrative unit represented by the row,category/text,City counts or building-function counts and denominators,Blank means unavailable or not applicable; source values are retained
figure/figure2/a/Fig2a_city_event_counts.csv,fire_count,Deduplicated fire-event count in the named city,events,City counts or building-function counts and denominators,Blank means unavailable or not applicable; source values are retained
figure/figure2/a/Fig2a_city_fire_counts.csv,city,Named administrative unit represented by the row,category/text,City counts or building-function counts and denominators,Blank means unavailable or not applicable; source values are retained
figure/figure2/a/Fig2a_city_fire_counts.csv,building_count,"Building count in the indicated inventory, model or population-valid subset",buildings,City counts or building-function counts and denominators,Blank means unavailable or not applicable; source values are retained
figure/figure2/a/Fig2a_city_fire_counts.csv,fire_count,Fire-positive count within the stated row scope; events and building labels use distinct denominators,count; see table scope,City counts or building-function counts and denominators,Blank means unavailable or not applicable; source values are retained
figure/figure2/a/Fig2a_city_fire_counts.csv,model_building_count,"Building count in the indicated inventory, model or population-valid subset",buildings,City counts or building-function counts and denominators,Blank means unavailable or not applicable; source values are retained
figure/figure2/a/Fig2a_city_fire_counts.csv,model_fire_count,Fire-positive count within the stated row scope; events and building labels use distinct denominators,count; see table scope,City counts or building-function counts and denominators,Blank means unavailable or not applicable; source values are retained
figure/figure2/a/Fig2a_detailed_all_building_types.csv,city,Named administrative unit represented by the row,category/text,City counts or building-function counts and denominators,Blank means unavailable or not applicable; source values are retained
figure/figure2/a/Fig2a_detailed_all_building_types.csv,building_type,Source or displayed grouping/category indicated by this field,category/text,City counts or building-function counts and denominators,Blank means unavailable or not applicable; source values are retained
figure/figure2/a/Fig2a_detailed_all_building_types.csv,count,Count or denominator for the row group indicated by the table,count,City counts or building-function counts and denominators,Blank means unavailable or not applicable; source values are retained
figure/figure2/a/Fig2a_detailed_all_building_types.csv,percentage,Percentage of the denominator specified in the table or its README,%,City counts or building-function counts and denominators,Blank means unavailable or not applicable; source values are retained
figure/figure2/a/Fig2a_detailed_fire_building_types.csv,city,Named administrative unit represented by the row,category/text,City counts or building-function counts and denominators,Blank means unavailable or not applicable; source values are retained
figure/figure2/a/Fig2a_detailed_fire_building_types.csv,building_type,Source or displayed grouping/category indicated by this field,category/text,City counts or building-function counts and denominators,Blank means unavailable or not applicable; source values are retained
figure/figure2/a/Fig2a_detailed_fire_building_types.csv,fire_count,Fire-positive count within the stated row scope; events and building labels use distinct denominators,count; see table scope,City counts or building-function counts and denominators,Blank means unavailable or not applicable; source values are retained
figure/figure2/a/Fig2a_detailed_fire_building_types.csv,percentage,Percentage of the denominator specified in the table or its README,%,City counts or building-function counts and denominators,Blank means unavailable or not applicable; source values are retained
figure/figure2/a/Fig2a_displayed_function_composition.csv,subset,Source or displayed grouping/category indicated by this field,category/text,City counts or building-function counts and denominators,Blank means unavailable or not applicable; source values are retained
figure/figure2/a/Fig2a_displayed_function_composition.csv,source_category,Source or displayed grouping/category indicated by this field,category/text,City counts or building-function counts and denominators,Blank means unavailable or not applicable; source values are retained
figure/figure2/a/Fig2a_displayed_function_composition.csv,display_category,Source or displayed grouping/category indicated by this field,category/text,City counts or building-function counts and denominators,Blank means unavailable or not applicable; source values are retained
figure/figure2/a/Fig2a_displayed_function_composition.csv,count,Count or denominator for the row group indicated by the table,count,City counts or building-function counts and denominators,Blank means unavailable or not applicable; source values are retained
figure/figure2/a/Fig2a_displayed_function_composition.csv,display_denominator,Count or denominator for the row group indicated by the table,count,City counts or building-function counts and denominators,Blank means unavailable or not applicable; source values are retained
figure/figure2/a/Fig2a_displayed_function_composition.csv,percentage,Percentage of the denominator specified in the table or its README,%,City counts or building-function counts and denominators,Blank means unavailable or not applicable; source values are retained
figure/figure2/a/Fig2a_displayed_function_composition.csv,display_percentage,Percentage of the denominator specified in the table or its README,%,City counts or building-function counts and denominators,Blank means unavailable or not applicable; source values are retained
figure/figure2/a/Fig2a_displayed_function_composition.csv,excluded_category,Source or displayed grouping/category indicated by this field,category/text,City counts or building-function counts and denominators,Blank means unavailable or not applicable; source values are retained
figure/figure2/a/Fig2a_national_city_counts.csv,rank,"Rank in the stated group, starting at 1",ordinal,National city event counts,Blank means unavailable or not applicable; source values are retained
figure/figure2/a/Fig2a_national_city_counts.csv,city_name,Named administrative unit represented by the row,category/text,National city event counts,Blank means unavailable or not applicable; source values are retained
figure/figure2/a/Fig2a_national_city_counts.csv,fire_count,Deduplicated fire-event count in the named city,events,National city event counts,Blank means unavailable or not applicable; source values are retained
figure/figure2/a/Fig2a_national_city_counts.csv,is_four_target_city,True/false group-membership flag,boolean,National city event counts,Blank means unavailable or not applicable; source values are retained
figure/figure2/b/Fig2b_city_summary.csv,city,Named administrative unit represented by the row,category/text,City-level context for spatial fire-density analysis,Blank means unavailable or not applicable; source values are retained
figure/figure2/b/Fig2b_city_summary.csv,building_count,"Building count in the indicated inventory, model or population-valid subset",buildings,City-level context for spatial fire-density analysis,Blank means unavailable or not applicable; source values are retained
figure/figure2/b/Fig2b_city_summary.csv,fire_count,Fire-positive count within the stated row scope; events and building labels use distinct denominators,count; see table scope,City-level context for spatial fire-density analysis,Blank means unavailable or not applicable; source values are retained
figure/figure3/a/Fig3a_age_fire_relationship.csv,city,Named administrative unit represented by the row,category/text,"Age-bin counts, exposure and incidence for 2016–2025",Blank means unavailable or not applicable; source values are retained
figure/figure3/a/Fig3a_age_fire_relationship.csv,age_bin,Age or height interval; boundaries retained in the label,years or m; see table,"Age-bin counts, exposure and incidence for 2016–2025",Blank means unavailable or not applicable; source values are retained
figure/figure3/a/Fig3a_age_fire_relationship.csv,fire_count,Fire-positive count within the stated row scope; events and building labels use distinct denominators,count; see table scope,"Age-bin counts, exposure and incidence for 2016–2025",Blank means unavailable or not applicable; source values are retained
figure/figure3/a/Fig3a_age_fire_relationship.csv,exposure_building_years,Supplied building-time exposure denominator for age-bin incidence,building-years,"Age-bin counts, exposure and incidence for 2016–2025",Blank means unavailable or not applicable; source values are retained
figure/figure3/a/Fig3a_age_fire_relationship.csv,normalized_fire_incidence_per_1000_building_years,1000 × fire_count / exposure_building_years,fires per 1000 building-years,"Age-bin counts, exposure and incidence for 2016–2025",Blank means unavailable or not applicable; source values are retained
figure/figure3/a/Fig3a_age_fire_relationship.csv,observation_start_year,Calendar year defining the stated observation or validation scope,year,"Age-bin counts, exposure and incidence for 2016–2025",Blank means unavailable or not applicable; source values are retained
figure/figure3/a/Fig3a_age_fire_relationship.csv,observation_end_year,Calendar year defining the stated observation or validation scope,year,"Age-bin counts, exposure and incidence for 2016–2025",Blank means unavailable or not applicable; source values are retained
figure/figure3/a/Fig3a_age_fire_relationship.csv,scope,"Scope, interpretation or calculation information for the corresponding row",category/text,"Age-bin counts, exposure and incidence for 2016–2025",Blank means unavailable or not applicable; source values are retained
figure/figure3/b/bivariate_grid.csv,city,Named administrative unit represented by the row,category/text,Beijing anonymous age/fire grid,Blank means unavailable or not applicable; source values are retained
figure/figure3/b/bivariate_grid.csv,grid_row,Anonymous local grid index; no geographic origin or transform is supplied,index,Beijing anonymous age/fire grid,Blank means unavailable or not applicable; source values are retained
figure/figure3/b/bivariate_grid.csv,grid_col,Anonymous local grid index; no geographic origin or transform is supplied,index,Beijing anonymous age/fire grid,Blank means unavailable or not applicable; source values are retained
figure/figure3/b/bivariate_grid.csv,mean_building_age,Mean or median building age as named by the field,years,Beijing anonymous age/fire grid,Blank means unavailable or not applicable; source values are retained
figure/figure3/b/bivariate_grid.csv,building_count,"Building count in the indicated inventory, model or population-valid subset",buildings,Beijing anonymous age/fire grid,Blank means unavailable or not applicable; source values are retained
figure/figure3/b/bivariate_grid.csv,fire_count,Fire-positive count within the stated row scope; events and building labels use distinct denominators,count; see table scope,Beijing anonymous age/fire grid,Blank means unavailable or not applicable; source values are retained
figure/figure3/b/bivariate_grid.csv,fire_metric,Grid-level fire metric used to classify the bivariate map; see class ranges,source grid metric,Beijing anonymous age/fire grid,Blank means unavailable or not applicable; source values are retained
figure/figure3/b/bivariate_grid.csv,age_bin,Age or height interval; boundaries retained in the label,years or m; see table,Beijing anonymous age/fire grid,Blank means unavailable or not applicable; source values are retained
figure/figure3/b/bivariate_grid.csv,fire_bin,Bivariate map class or marginal class; unclassified cells may be coded 0,class code,Beijing anonymous age/fire grid,Blank means unavailable or not applicable; source values are retained
figure/figure3/b/bivariate_grid.csv,bivariate_class,Bivariate map class or marginal class; unclassified cells may be coded 0,class code,Beijing anonymous age/fire grid,Blank means unavailable or not applicable; source values are retained
figure/figure3/b/class_counts.csv,city,Named administrative unit represented by the row,category/text,Beijing bivariate class frequencies,Blank means unavailable or not applicable; source values are retained
figure/figure3/b/class_counts.csv,Age_Class,Bivariate map class or marginal class; unclassified cells may be coded 0,class code,Beijing bivariate class frequencies,Blank means unavailable or not applicable; source values are retained
figure/figure3/b/class_counts.csv,Fire_Class,Bivariate map class or marginal class; unclassified cells may be coded 0,class code,Beijing bivariate class frequencies,Blank means unavailable or not applicable; source values are retained
figure/figure3/b/class_counts.csv,Bi_Class,Bivariate map class or marginal class; unclassified cells may be coded 0,class code,Beijing bivariate class frequencies,Blank means unavailable or not applicable; source values are retained
figure/figure3/b/class_counts.csv,grid_count,Count or denominator for the row group indicated by the table,count,Beijing bivariate class frequencies,Blank means unavailable or not applicable; source values are retained
figure/figure3/c/bivariate_grid.csv,city,Named administrative unit represented by the row,category/text,Shanghai anonymous age/fire grid,Blank means unavailable or not applicable; source values are retained
figure/figure3/c/bivariate_grid.csv,grid_row,Anonymous local grid index; no geographic origin or transform is supplied,index,Shanghai anonymous age/fire grid,Blank means unavailable or not applicable; source values are retained
figure/figure3/c/bivariate_grid.csv,grid_col,Anonymous local grid index; no geographic origin or transform is supplied,index,Shanghai anonymous age/fire grid,Blank means unavailable or not applicable; source values are retained
figure/figure3/c/bivariate_grid.csv,mean_building_age,Mean or median building age as named by the field,years,Shanghai anonymous age/fire grid,Blank means unavailable or not applicable; source values are retained
figure/figure3/c/bivariate_grid.csv,building_count,"Building count in the indicated inventory, model or population-valid subset",buildings,Shanghai anonymous age/fire grid,Blank means unavailable or not applicable; source values are retained
figure/figure3/c/bivariate_grid.csv,fire_count,Fire-positive count within the stated row scope; events and building labels use distinct denominators,count; see table scope,Shanghai anonymous age/fire grid,Blank means unavailable or not applicable; source values are retained
figure/figure3/c/bivariate_grid.csv,fire_metric,Grid-level fire metric used to classify the bivariate map; see class ranges,source grid metric,Shanghai anonymous age/fire grid,Blank means unavailable or not applicable; source values are retained
figure/figure3/c/bivariate_grid.csv,age_bin,Age or height interval; boundaries retained in the label,years or m; see table,Shanghai anonymous age/fire grid,Blank means unavailable or not applicable; source values are retained
figure/figure3/c/bivariate_grid.csv,fire_bin,Bivariate map class or marginal class; unclassified cells may be coded 0,class code,Shanghai anonymous age/fire grid,Blank means unavailable or not applicable; source values are retained
figure/figure3/c/bivariate_grid.csv,bivariate_class,Bivariate map class or marginal class; unclassified cells may be coded 0,class code,Shanghai anonymous age/fire grid,Blank means unavailable or not applicable; source values are retained
figure/figure3/c/class_counts.csv,city,Named administrative unit represented by the row,category/text,Shanghai bivariate class frequencies,Blank means unavailable or not applicable; source values are retained
figure/figure3/c/class_counts.csv,Age_Class,Bivariate map class or marginal class; unclassified cells may be coded 0,class code,Shanghai bivariate class frequencies,Blank means unavailable or not applicable; source values are retained
figure/figure3/c/class_counts.csv,Fire_Class,Bivariate map class or marginal class; unclassified cells may be coded 0,class code,Shanghai bivariate class frequencies,Blank means unavailable or not applicable; source values are retained
figure/figure3/c/class_counts.csv,Bi_Class,Bivariate map class or marginal class; unclassified cells may be coded 0,class code,Shanghai bivariate class frequencies,Blank means unavailable or not applicable; source values are retained
figure/figure3/c/class_counts.csv,grid_count,Count or denominator for the row group indicated by the table,count,Shanghai bivariate class frequencies,Blank means unavailable or not applicable; source values are retained
figure/figure3/class_ranges.csv,metric,"Named conceptual element, metric, parameter or analysis stage",category/text,Fixed anonymous Shanghai demonstration or validation records,Blank means unavailable or not applicable; source values are retained
figure/figure3/class_ranges.csv,class,Bivariate map class or marginal class; unclassified cells may be coded 0,class code,Fixed anonymous Shanghai demonstration or validation records,Blank means unavailable or not applicable; source values are retained
figure/figure3/class_ranges.csv,range_low,Class limits or classification thresholds for the named metric,unit of named metric,Fixed anonymous Shanghai demonstration or validation records,Blank means unavailable or not applicable; source values are retained
figure/figure3/class_ranges.csv,range_high,Class limits or classification thresholds for the named metric,unit of named metric,Fixed anonymous Shanghai demonstration or validation records,Blank means unavailable or not applicable; source values are retained
figure/figure3/class_ranges.csv,thresholds,Class limits or classification thresholds for the named metric,unit of named metric,Fixed anonymous Shanghai demonstration or validation records,Blank means unavailable or not applicable; source values are retained
figure/figure3/d/bivariate_grid.csv,city,Named administrative unit represented by the row,category/text,Guangzhou anonymous age/fire grid,Blank means unavailable or not applicable; source values are retained
figure/figure3/d/bivariate_grid.csv,grid_row,Anonymous local grid index; no geographic origin or transform is supplied,index,Guangzhou anonymous age/fire grid,Blank means unavailable or not applicable; source values are retained
figure/figure3/d/bivariate_grid.csv,grid_col,Anonymous local grid index; no geographic origin or transform is supplied,index,Guangzhou anonymous age/fire grid,Blank means unavailable or not applicable; source values are retained
figure/figure3/d/bivariate_grid.csv,mean_building_age,Mean or median building age as named by the field,years,Guangzhou anonymous age/fire grid,Blank means unavailable or not applicable; source values are retained
figure/figure3/d/bivariate_grid.csv,building_count,"Building count in the indicated inventory, model or population-valid subset",buildings,Guangzhou anonymous age/fire grid,Blank means unavailable or not applicable; source values are retained
figure/figure3/d/bivariate_grid.csv,fire_count,Fire-positive count within the stated row scope; events and building labels use distinct denominators,count; see table scope,Guangzhou anonymous age/fire grid,Blank means unavailable or not applicable; source values are retained
figure/figure3/d/bivariate_grid.csv,fire_metric,Grid-level fire metric used to classify the bivariate map; see class ranges,source grid metric,Guangzhou anonymous age/fire grid,Blank means unavailable or not applicable; source values are retained
figure/figure3/d/bivariate_grid.csv,age_bin,Age or height interval; boundaries retained in the label,years or m; see table,Guangzhou anonymous age/fire grid,Blank means unavailable or not applicable; source values are retained
figure/figure3/d/bivariate_grid.csv,fire_bin,Bivariate map class or marginal class; unclassified cells may be coded 0,class code,Guangzhou anonymous age/fire grid,Blank means unavailable or not applicable; source values are retained
figure/figure3/d/bivariate_grid.csv,bivariate_class,Bivariate map class or marginal class; unclassified cells may be coded 0,class code,Guangzhou anonymous age/fire grid,Blank means unavailable or not applicable; source values are retained
figure/figure3/d/class_counts.csv,city,Named administrative unit represented by the row,category/text,Guangzhou bivariate class frequencies,Blank means unavailable or not applicable; source values are retained
figure/figure3/d/class_counts.csv,Age_Class,Bivariate map class or marginal class; unclassified cells may be coded 0,class code,Guangzhou bivariate class frequencies,Blank means unavailable or not applicable; source values are retained
figure/figure3/d/class_counts.csv,Fire_Class,Bivariate map class or marginal class; unclassified cells may be coded 0,class code,Guangzhou bivariate class frequencies,Blank means unavailable or not applicable; source values are retained
figure/figure3/d/class_counts.csv,Bi_Class,Bivariate map class or marginal class; unclassified cells may be coded 0,class code,Guangzhou bivariate class frequencies,Blank means unavailable or not applicable; source values are retained
figure/figure3/d/class_counts.csv,grid_count,Count or denominator for the row group indicated by the table,count,Guangzhou bivariate class frequencies,Blank means unavailable or not applicable; source values are retained
figure/figure3/e/bivariate_grid.csv,city,Named administrative unit represented by the row,category/text,Wuhan anonymous age/fire grid,Blank means unavailable or not applicable; source values are retained
figure/figure3/e/bivariate_grid.csv,grid_row,Anonymous local grid index; no geographic origin or transform is supplied,index,Wuhan anonymous age/fire grid,Blank means unavailable or not applicable; source values are retained
figure/figure3/e/bivariate_grid.csv,grid_col,Anonymous local grid index; no geographic origin or transform is supplied,index,Wuhan anonymous age/fire grid,Blank means unavailable or not applicable; source values are retained
figure/figure3/e/bivariate_grid.csv,mean_building_age,Mean or median building age as named by the field,years,Wuhan anonymous age/fire grid,Blank means unavailable or not applicable; source values are retained
figure/figure3/e/bivariate_grid.csv,building_count,"Building count in the indicated inventory, model or population-valid subset",buildings,Wuhan anonymous age/fire grid,Blank means unavailable or not applicable; source values are retained
figure/figure3/e/bivariate_grid.csv,fire_count,Fire-positive count within the stated row scope; events and building labels use distinct denominators,count; see table scope,Wuhan anonymous age/fire grid,Blank means unavailable or not applicable; source values are retained
figure/figure3/e/bivariate_grid.csv,fire_metric,Grid-level fire metric used to classify the bivariate map; see class ranges,source grid metric,Wuhan anonymous age/fire grid,Blank means unavailable or not applicable; source values are retained
figure/figure3/e/bivariate_grid.csv,age_bin,Age or height interval; boundaries retained in the label,years or m; see table,Wuhan anonymous age/fire grid,Blank means unavailable or not applicable; source values are retained
figure/figure3/e/bivariate_grid.csv,fire_bin,Bivariate map class or marginal class; unclassified cells may be coded 0,class code,Wuhan anonymous age/fire grid,Blank means unavailable or not applicable; source values are retained
figure/figure3/e/bivariate_grid.csv,bivariate_class,Bivariate map class or marginal class; unclassified cells may be coded 0,class code,Wuhan anonymous age/fire grid,Blank means unavailable or not applicable; source values are retained
figure/figure3/e/class_counts.csv,city,Named administrative unit represented by the row,category/text,Wuhan bivariate class frequencies,Blank means unavailable or not applicable; source values are retained
figure/figure3/e/class_counts.csv,Age_Class,Bivariate map class or marginal class; unclassified cells may be coded 0,class code,Wuhan bivariate class frequencies,Blank means unavailable or not applicable; source values are retained
figure/figure3/e/class_counts.csv,Fire_Class,Bivariate map class or marginal class; unclassified cells may be coded 0,class code,Wuhan bivariate class frequencies,Blank means unavailable or not applicable; source values are retained
figure/figure3/e/class_counts.csv,Bi_Class,Bivariate map class or marginal class; unclassified cells may be coded 0,class code,Wuhan bivariate class frequencies,Blank means unavailable or not applicable; source values are retained
figure/figure3/e/class_counts.csv,grid_count,Count or denominator for the row group indicated by the table,count,Wuhan bivariate class frequencies,Blank means unavailable or not applicable; source values are retained
figure/figure4/Fig4a_conceptual_provenance.csv,panel,Figure panel identifier(s),category/text,Policy height thresholds,Blank means unavailable or not applicable; source values are retained
figure/figure4/Fig4a_conceptual_provenance.csv,element,"Named conceptual element, metric, parameter or analysis stage",category/text,Policy height thresholds,Blank means unavailable or not applicable; source values are retained
figure/figure4/Fig4a_conceptual_provenance.csv,display_value,"Source value, displayed/reported value, pooled estimate, fold mean or fold standard deviation, as named",unit of named metric,Policy height thresholds,Blank means unavailable or not applicable; source values are retained
figure/figure4/Fig4a_conceptual_provenance.csv,unit,Unit of measurement stated by the source,category/text,Policy height thresholds,Blank means unavailable or not applicable; source values are retained
figure/figure4/Fig4a_conceptual_provenance.csv,role,"Scope, interpretation or calculation information for the corresponding row",category/text,Policy height thresholds,Blank means unavailable or not applicable; source values are retained
figure/figure4/Fig4a_conceptual_provenance.csv,source_attribution,"Source, comparison, sample or proxy defining the row",category/text,Policy height thresholds,Blank means unavailable or not applicable; source values are retained
figure/figure4/Fig4a_conceptual_provenance.csv,status,"Scope, interpretation or calculation information for the corresponding row",category/text,Policy height thresholds,Blank means unavailable or not applicable; source values are retained
figure/figure4/Fig4b_height_fire_relationship.csv,city,Named administrative unit represented by the row,category/text,Height-bin counts and three normalized rates,Blank means unavailable or not applicable; source values are retained
figure/figure4/Fig4b_height_fire_relationship.csv,height_bin,Age or height interval; boundaries retained in the label,years or m; see table,Height-bin counts and three normalized rates,Blank means unavailable or not applicable; source values are retained
figure/figure4/Fig4b_height_fire_relationship.csv,building_count,"Building count in the indicated inventory, model or population-valid subset",buildings,Height-bin counts and three normalized rates,Blank means unavailable or not applicable; source values are retained
figure/figure4/Fig4b_height_fire_relationship.csv,fire_count,Fire-positive count within the stated row scope; events and building labels use distinct denominators,count; see table scope,Height-bin counts and three normalized rates,Blank means unavailable or not applicable; source values are retained
figure/figure4/Fig4b_height_fire_relationship.csv,avg_height,Mean or median building height as named by the field,m,Height-bin counts and three normalized rates,Blank means unavailable or not applicable; source values are retained
figure/figure4/Fig4b_height_fire_relationship.csv,valid_pop_building_count,"Building count in the indicated inventory, model or population-valid subset",buildings,Height-bin counts and three normalized rates,Blank means unavailable or not applicable; source values are retained
figure/figure4/Fig4b_height_fire_relationship.csv,total_pop,Estimated total population used in the source denominator,persons,Height-bin counts and three normalized rates,Blank means unavailable or not applicable; source values are retained
figure/figure4/Fig4b_height_fire_relationship.csv,fire_count_pop_valid,Fire-positive building count among observations with a valid population denominator,buildings,Height-bin counts and three normalized rates,Blank means unavailable or not applicable; source values are retained
figure/figure4/Fig4b_height_fire_relationship.csv,Fire_per_1000_buildings,1000 × fire_count / building_count,fires per 1000 buildings,Height-bin counts and three normalized rates,Blank means unavailable or not applicable; source values are retained
figure/figure4/Fig4b_height_fire_relationship.csv,Per_Meter,Fire_per_1000_buildings divided by avg_height,fires per 1000 buildings per m,Height-bin counts and three normalized rates,Blank means unavailable or not applicable; source values are retained
figure/figure4/Fig4b_height_fire_relationship.csv,Per_Person,1000 × fire_count_pop_valid / total_pop,fires per 1000 persons,Height-bin counts and three normalized rates,Blank means unavailable or not applicable; source values are retained
figure/figure5/a/Fig5_points_EUI.csv,City,Named administrative unit represented by the row,category/text,EUI distribution points,Blank means unavailable or not applicable; source values are retained
figure/figure5/a/Fig5_points_EUI.csv,Feature,One of the nine model predictors; see predictor_dictionary.csv,category/text,EUI distribution points,Blank means unavailable or not applicable; source values are retained
figure/figure5/a/Fig5_points_EUI.csv,Feature_value,Supplied value of the named predictor,see predictor_dictionary.csv,EUI distribution points,Blank means unavailable or not applicable; source values are retained
figure/figure5/a/Fig5_points_EUI.csv,SHAP_value,"SHAP contribution, mean absolute contribution, or mean absolute contribution × sign(feature–SHAP correlation), as named",raw model margin (log-odds),EUI distribution points,Blank means unavailable or not applicable; source values are retained
figure/figure5/a/Fig5_points_EUI.csv,used_in_panels,Figure panel identifier(s),category/text,EUI distribution points,Blank means unavailable or not applicable; source values are retained
figure/figure5/a/Fig5a_global_importance.csv,Rank,"Rank in the stated group, starting at 1",ordinal,Global importance,Blank means unavailable or not applicable; source values are retained
figure/figure5/a/Fig5a_global_importance.csv,Feature,One of the nine model predictors; see predictor_dictionary.csv,category/text,Global importance,Blank means unavailable or not applicable; source values are retained
figure/figure5/a/Fig5a_global_importance.csv,Mean_abs_SHAP,"SHAP contribution, mean absolute contribution, or mean absolute contribution × sign(feature–SHAP correlation), as named",raw model margin (log-odds),Global importance,Blank means unavailable or not applicable; source values are retained
figure/figure5/b/Fig5b_city_directional_importance.csv,City,Named administrative unit represented by the row,category/text,City-specific directional importance,Blank means unavailable or not applicable; source values are retained
figure/figure5/b/Fig5b_city_directional_importance.csv,Feature,One of the nine model predictors; see predictor_dictionary.csv,category/text,City-specific directional importance,Blank means unavailable or not applicable; source values are retained
figure/figure5/b/Fig5b_city_directional_importance.csv,Mean_abs_SHAP,"SHAP contribution, mean absolute contribution, or mean absolute contribution × sign(feature–SHAP correlation), as named",raw model margin (log-odds),City-specific directional importance,Blank means unavailable or not applicable; source values are retained
figure/figure5/b/Fig5b_city_directional_importance.csv,Pearson_r_feature_SHAP,Pearson correlation between a predictor and its SHAP contribution,dimensionless,City-specific directional importance,Blank means unavailable or not applicable; source values are retained
figure/figure5/b/Fig5b_city_directional_importance.csv,Directional_importance,"SHAP contribution, mean absolute contribution, or mean absolute contribution × sign(feature–SHAP correlation), as named",raw model margin (log-odds),City-specific directional importance,Blank means unavailable or not applicable; source values are retained
figure/figure5/c/Fig5_points_Projected_Area.csv,City,Named administrative unit represented by the row,category/text,Projected_Area dependence points; Projected_Area distribution points,Blank means unavailable or not applicable; source values are retained
figure/figure5/c/Fig5_points_Projected_Area.csv,Feature,One of the nine model predictors; see predictor_dictionary.csv,category/text,Projected_Area dependence points; Projected_Area distribution points,Blank means unavailable or not applicable; source values are retained
figure/figure5/c/Fig5_points_Projected_Area.csv,Feature_value,Supplied value of the named predictor,see predictor_dictionary.csv,Projected_Area dependence points; Projected_Area distribution points,Blank means unavailable or not applicable; source values are retained
figure/figure5/c/Fig5_points_Projected_Area.csv,SHAP_value,"SHAP contribution, mean absolute contribution, or mean absolute contribution × sign(feature–SHAP correlation), as named",raw model margin (log-odds),Projected_Area dependence points; Projected_Area distribution points,Blank means unavailable or not applicable; source values are retained
figure/figure5/c/Fig5_points_Projected_Area.csv,used_in_panels,Figure panel identifier(s),category/text,Projected_Area dependence points; Projected_Area distribution points,Blank means unavailable or not applicable; source values are retained
figure/figure5/d/Fig5_points_Mean_Age_Score.csv,City,Named administrative unit represented by the row,category/text,Mean_Age_Score dependence points; Mean_Age_Score distribution points,Blank means unavailable or not applicable; source values are retained
figure/figure5/d/Fig5_points_Mean_Age_Score.csv,Feature,One of the nine model predictors; see predictor_dictionary.csv,category/text,Mean_Age_Score dependence points; Mean_Age_Score distribution points,Blank means unavailable or not applicable; source values are retained
figure/figure5/d/Fig5_points_Mean_Age_Score.csv,Feature_value,Supplied value of the named predictor,see predictor_dictionary.csv,Mean_Age_Score dependence points; Mean_Age_Score distribution points,Blank means unavailable or not applicable; source values are retained
figure/figure5/d/Fig5_points_Mean_Age_Score.csv,SHAP_value,"SHAP contribution, mean absolute contribution, or mean absolute contribution × sign(feature–SHAP correlation), as named",raw model margin (log-odds),Mean_Age_Score dependence points; Mean_Age_Score distribution points,Blank means unavailable or not applicable; source values are retained
figure/figure5/d/Fig5_points_Mean_Age_Score.csv,used_in_panels,Figure panel identifier(s),category/text,Mean_Age_Score dependence points; Mean_Age_Score distribution points,Blank means unavailable or not applicable; source values are retained
figure/figure5/e/Fig5_points_Height.csv,City,Named administrative unit represented by the row,category/text,Height dependence points; Height distribution points,Blank means unavailable or not applicable; source values are retained
figure/figure5/e/Fig5_points_Height.csv,Feature,One of the nine model predictors; see predictor_dictionary.csv,category/text,Height dependence points; Height distribution points,Blank means unavailable or not applicable; source values are retained
figure/figure5/e/Fig5_points_Height.csv,Feature_value,Supplied value of the named predictor,see predictor_dictionary.csv,Height dependence points; Height distribution points,Blank means unavailable or not applicable; source values are retained
figure/figure5/e/Fig5_points_Height.csv,SHAP_value,"SHAP contribution, mean absolute contribution, or mean absolute contribution × sign(feature–SHAP correlation), as named",raw model margin (log-odds),Height dependence points; Height distribution points,Blank means unavailable or not applicable; source values are retained
figure/figure5/e/Fig5_points_Height.csv,used_in_panels,Figure panel identifier(s),category/text,Height dependence points; Height distribution points,Blank means unavailable or not applicable; source values are retained
figure/figure5/f/Fig5_points_Pop_Density.csv,City,Named administrative unit represented by the row,category/text,Pop_Density dependence points; Pop_Density distribution points,Blank means unavailable or not applicable; source values are retained
figure/figure5/f/Fig5_points_Pop_Density.csv,Feature,One of the nine model predictors; see predictor_dictionary.csv,category/text,Pop_Density dependence points; Pop_Density distribution points,Blank means unavailable or not applicable; source values are retained
figure/figure5/f/Fig5_points_Pop_Density.csv,Feature_value,Supplied value of the named predictor,see predictor_dictionary.csv,Pop_Density dependence points; Pop_Density distribution points,Blank means unavailable or not applicable; source values are retained
figure/figure5/f/Fig5_points_Pop_Density.csv,SHAP_value,"SHAP contribution, mean absolute contribution, or mean absolute contribution × sign(feature–SHAP correlation), as named",raw model margin (log-odds),Pop_Density dependence points; Pop_Density distribution points,Blank means unavailable or not applicable; source values are retained
figure/figure5/f/Fig5_points_Pop_Density.csv,used_in_panels,Figure panel identifier(s),category/text,Pop_Density dependence points; Pop_Density distribution points,Blank means unavailable or not applicable; source values are retained
figure/figure5/g/Fig5_points_Price.csv,City,Named administrative unit represented by the row,category/text,Price dependence points; Price distribution points,Blank means unavailable or not applicable; source values are retained
figure/figure5/g/Fig5_points_Price.csv,Feature,One of the nine model predictors; see predictor_dictionary.csv,category/text,Price dependence points; Price distribution points,Blank means unavailable or not applicable; source values are retained
figure/figure5/g/Fig5_points_Price.csv,Feature_value,Supplied value of the named predictor,see predictor_dictionary.csv,Price dependence points; Price distribution points,Blank means unavailable or not applicable; source values are retained
figure/figure5/g/Fig5_points_Price.csv,SHAP_value,"SHAP contribution, mean absolute contribution, or mean absolute contribution × sign(feature–SHAP correlation), as named",raw model margin (log-odds),Price dependence points; Price distribution points,Blank means unavailable or not applicable; source values are retained
figure/figure5/g/Fig5_points_Price.csv,used_in_panels,Figure panel identifier(s),category/text,Price dependence points; Price distribution points,Blank means unavailable or not applicable; source values are retained
figure/figure5/h/Fig5_points_Effective_Age.csv,City,Named administrative unit represented by the row,category/text,Effective_Age dependence points; Effective_Age distribution points,Blank means unavailable or not applicable; source values are retained
figure/figure5/h/Fig5_points_Effective_Age.csv,Feature,One of the nine model predictors; see predictor_dictionary.csv,category/text,Effective_Age dependence points; Effective_Age distribution points,Blank means unavailable or not applicable; source values are retained
figure/figure5/h/Fig5_points_Effective_Age.csv,Feature_value,Supplied value of the named predictor,see predictor_dictionary.csv,Effective_Age dependence points; Effective_Age distribution points,Blank means unavailable or not applicable; source values are retained
figure/figure5/h/Fig5_points_Effective_Age.csv,SHAP_value,"SHAP contribution, mean absolute contribution, or mean absolute contribution × sign(feature–SHAP correlation), as named",raw model margin (log-odds),Effective_Age dependence points; Effective_Age distribution points,Blank means unavailable or not applicable; source values are retained
figure/figure5/h/Fig5_points_Effective_Age.csv,used_in_panels,Figure panel identifier(s),category/text,Effective_Age dependence points; Effective_Age distribution points,Blank means unavailable or not applicable; source values are retained
figure/figure5/i/Fig5_points_Plot_Ratio.csv,City,Named administrative unit represented by the row,category/text,Plot_Ratio dependence points; Plot_Ratio distribution points,Blank means unavailable or not applicable; source values are retained
figure/figure5/i/Fig5_points_Plot_Ratio.csv,Feature,One of the nine model predictors; see predictor_dictionary.csv,category/text,Plot_Ratio dependence points; Plot_Ratio distribution points,Blank means unavailable or not applicable; source values are retained
figure/figure5/i/Fig5_points_Plot_Ratio.csv,Feature_value,Supplied value of the named predictor,see predictor_dictionary.csv,Plot_Ratio dependence points; Plot_Ratio distribution points,Blank means unavailable or not applicable; source values are retained
figure/figure5/i/Fig5_points_Plot_Ratio.csv,SHAP_value,"SHAP contribution, mean absolute contribution, or mean absolute contribution × sign(feature–SHAP correlation), as named",raw model margin (log-odds),Plot_Ratio dependence points; Plot_Ratio distribution points,Blank means unavailable or not applicable; source values are retained
figure/figure5/i/Fig5_points_Plot_Ratio.csv,used_in_panels,Figure panel identifier(s),category/text,Plot_Ratio dependence points; Plot_Ratio distribution points,Blank means unavailable or not applicable; source values are retained
figure/figure5/j/Fig5_points_Fee.csv,City,Named administrative unit represented by the row,category/text,Fee dependence points; Fee distribution points,Blank means unavailable or not applicable; source values are retained
figure/figure5/j/Fig5_points_Fee.csv,Feature,One of the nine model predictors; see predictor_dictionary.csv,category/text,Fee dependence points; Fee distribution points,Blank means unavailable or not applicable; source values are retained
figure/figure5/j/Fig5_points_Fee.csv,Feature_value,Supplied value of the named predictor,see predictor_dictionary.csv,Fee dependence points; Fee distribution points,Blank means unavailable or not applicable; source values are retained
figure/figure5/j/Fig5_points_Fee.csv,SHAP_value,"SHAP contribution, mean absolute contribution, or mean absolute contribution × sign(feature–SHAP correlation), as named",raw model margin (log-odds),Fee dependence points; Fee distribution points,Blank means unavailable or not applicable; source values are retained
figure/figure5/j/Fig5_points_Fee.csv,used_in_panels,Figure panel identifier(s),category/text,Fee dependence points; Fee distribution points,Blank means unavailable or not applicable; source values are retained
figure/figure6/Fig6_cooccurrence_edges.csv,panel,Figure panel identifier(s),category/text,Profile-specific co-occurrence edges,Blank means unavailable or not applicable; source values are retained
figure/figure6/Fig6_cooccurrence_edges.csv,cluster_cn,Building-profile label in Chinese or English; see Fig6_profiles.csv,category/text,Profile-specific co-occurrence edges,Blank means unavailable or not applicable; source values are retained
figure/figure6/Fig6_cooccurrence_edges.csv,cluster_en,Building-profile label in Chinese or English; see Fig6_profiles.csv,category/text,Profile-specific co-occurrence edges,Blank means unavailable or not applicable; source values are retained
figure/figure6/Fig6_cooccurrence_edges.csv,source_stage,Mechanism layer or source/target layer of an edge,category/text,Profile-specific co-occurrence edges,Blank means unavailable or not applicable; source values are retained
figure/figure6/Fig6_cooccurrence_edges.csv,source_term_cn,"Mechanism factor label, endpoint label or listed grouped/excluded terms",category/text,Profile-specific co-occurrence edges,Blank means unavailable or not applicable; source values are retained
figure/figure6/Fig6_cooccurrence_edges.csv,source_term_en,"Mechanism factor label, endpoint label or listed grouped/excluded terms",category/text,Profile-specific co-occurrence edges,Blank means unavailable or not applicable; source values are retained
figure/figure6/Fig6_cooccurrence_edges.csv,target_stage,Mechanism layer or source/target layer of an edge,category/text,Profile-specific co-occurrence edges,Blank means unavailable or not applicable; source values are retained
figure/figure6/Fig6_cooccurrence_edges.csv,target_term_cn,"Mechanism factor label, endpoint label or listed grouped/excluded terms",category/text,Profile-specific co-occurrence edges,Blank means unavailable or not applicable; source values are retained
figure/figure6/Fig6_cooccurrence_edges.csv,target_term_en,"Mechanism factor label, endpoint label or listed grouped/excluded terms",category/text,Profile-specific co-occurrence edges,Blank means unavailable or not applicable; source values are retained
figure/figure6/Fig6_cooccurrence_edges.csv,edge_type,Mechanism-layer relationship represented by the edge,category/text,Profile-specific co-occurrence edges,Blank means unavailable or not applicable; source values are retained
figure/figure6/Fig6_cooccurrence_edges.csv,cooccurrence_count,Number of co-occurrences between the two specified terms in the profile,co-occurrences,Profile-specific co-occurrence edges,Blank means unavailable or not applicable; source values are retained
figure/figure6/Fig6_node_frequencies.csv,cluster_cn,Building-profile label in Chinese or English; see Fig6_profiles.csv,category/text,"Category frequencies, percentages and profile information",Blank means unavailable or not applicable; source values are retained
figure/figure6/Fig6_node_frequencies.csv,cluster_en,Building-profile label in Chinese or English; see Fig6_profiles.csv,category/text,"Category frequencies, percentages and profile information",Blank means unavailable or not applicable; source values are retained
figure/figure6/Fig6_node_frequencies.csv,case_count,Count or denominator for the row group indicated by the table,count,"Category frequencies, percentages and profile information",Blank means unavailable or not applicable; source values are retained
figure/figure6/Fig6_node_frequencies.csv,layer,Mechanism layer or source/target layer of an edge,category/text,"Category frequencies, percentages and profile information",Blank means unavailable or not applicable; source values are retained
figure/figure6/Fig6_node_frequencies.csv,layer_en,Mechanism layer or source/target layer of an edge,category/text,"Category frequencies, percentages and profile information",Blank means unavailable or not applicable; source values are retained
figure/figure6/Fig6_node_frequencies.csv,rank,"Rank in the stated group, starting at 1",ordinal,"Category frequencies, percentages and profile information",Blank means unavailable or not applicable; source values are retained
figure/figure6/Fig6_node_frequencies.csv,factor_cn,"Mechanism factor label, endpoint label or listed grouped/excluded terms",category/text,"Category frequencies, percentages and profile information",Blank means unavailable or not applicable; source values are retained
figure/figure6/Fig6_node_frequencies.csv,factor_en,"Mechanism factor label, endpoint label or listed grouped/excluded terms",category/text,"Category frequencies, percentages and profile information",Blank means unavailable or not applicable; source values are retained
figure/figure6/Fig6_node_frequencies.csv,raw_count,"Factor frequency, retained-layer denominator or original-layer denominator, as named; not unique incident counts",term occurrences,"Category frequencies, percentages and profile information",Blank means unavailable or not applicable; source values are retained
figure/figure6/Fig6_node_frequencies.csv,layer_total_count,"Factor frequency, retained-layer denominator or original-layer denominator, as named; not unique incident counts",term occurrences,"Category frequencies, percentages and profile information",Blank means unavailable or not applicable; source values are retained
figure/figure6/Fig6_node_frequencies.csv,layer_original_total_count,"Factor frequency, retained-layer denominator or original-layer denominator, as named; not unique incident counts",term occurrences,"Category frequencies, percentages and profile information",Blank means unavailable or not applicable; source values are retained
figure/figure6/Fig6_node_frequencies.csv,raw_pct,Percentage of the denominator specified in the table or its README,%,"Category frequencies, percentages and profile information",Blank means unavailable or not applicable; source values are retained
figure/figure6/Fig6_node_frequencies.csv,display_pct,Percentage of the denominator specified in the table or its README,%,"Category frequencies, percentages and profile information",Blank means unavailable or not applicable; source values are retained
figure/figure6/Fig6_node_frequencies.csv,is_others,True/false group-membership flag,boolean,"Category frequencies, percentages and profile information",Blank means unavailable or not applicable; source values are retained
figure/figure6/Fig6_node_frequencies.csv,others_components,"Mechanism factor label, endpoint label or listed grouped/excluded terms",category/text,"Category frequencies, percentages and profile information",Blank means unavailable or not applicable; source values are retained
figure/figure6/Fig6_node_frequencies.csv,excluded_zero_flow_components,"Mechanism factor label, endpoint label or listed grouped/excluded terms",category/text,"Category frequencies, percentages and profile information",Blank means unavailable or not applicable; source values are retained
figure/figure6/Fig6_profiles.csv,cluster_cn,Building-profile label in Chinese or English; see Fig6_profiles.csv,category/text,Profile sample size and category display rule,Blank means unavailable or not applicable; source values are retained
figure/figure6/Fig6_profiles.csv,cluster_en,Building-profile label in Chinese or English; see Fig6_profiles.csv,category/text,Profile sample size and category display rule,Blank means unavailable or not applicable; source values are retained
figure/figure6/Fig6_profiles.csv,case_count,Count or denominator for the row group indicated by the table,count,Profile sample size and category display rule,Blank means unavailable or not applicable; source values are retained
figure/figure6/Fig6_profiles.csv,panel,Figure panel identifier(s),category/text,Profile sample size and category display rule,Blank means unavailable or not applicable; source values are retained
figure/figure6/Fig6_profiles.csv,top_n,Number of top-ranked factors retained before grouping remaining factors as Others,count,Profile sample size and category display rule,Blank means unavailable or not applicable; source values are retained
figure/supplementary/figureS2/FigS2_reported_summary.csv,metric,"Named conceptual element, metric, parameter or analysis stage",category/text,Building footprint validation,Blank means unavailable or not applicable; source values are retained
figure/supplementary/figureS2/FigS2_reported_summary.csv,comparison,"Source, comparison, sample or proxy defining the row",category/text,Building footprint validation,Blank means unavailable or not applicable; source values are retained
figure/supplementary/figureS2/FigS2_reported_summary.csv,value,"Source value, displayed/reported value, pooled estimate, fold mean or fold standard deviation, as named",unit of named metric,Building footprint validation,Blank means unavailable or not applicable; source values are retained
figure/supplementary/figureS2/FigS2_reported_summary.csv,unit,Unit of measurement stated by the source,category/text,Building footprint validation,Blank means unavailable or not applicable; source values are retained
figure/supplementary/figureS3/FigS3_reported_summary.csv,metric,"Named conceptual element, metric, parameter or analysis stage",category/text,Building function validation,Blank means unavailable or not applicable; source values are retained
figure/supplementary/figureS3/FigS3_reported_summary.csv,comparison,"Source, comparison, sample or proxy defining the row",category/text,Building function validation,Blank means unavailable or not applicable; source values are retained
figure/supplementary/figureS3/FigS3_reported_summary.csv,value,"Source value, displayed/reported value, pooled estimate, fold mean or fold standard deviation, as named",unit of named metric,Building function validation,Blank means unavailable or not applicable; source values are retained
figure/supplementary/figureS3/FigS3_reported_summary.csv,unit,Unit of measurement stated by the source,category/text,Building function validation,Blank means unavailable or not applicable; source values are retained
figure/supplementary/figureS4/FigS4_reported_summary.csv,metric,"Named conceptual element, metric, parameter or analysis stage",category/text,Building height validation,Blank means unavailable or not applicable; source values are retained
figure/supplementary/figureS4/FigS4_reported_summary.csv,value,"Source value, displayed/reported value, pooled estimate, fold mean or fold standard deviation, as named",unit of named metric,Building height validation,Blank means unavailable or not applicable; source values are retained
figure/supplementary/figureS4/FigS4_reported_summary.csv,unit,Unit of measurement stated by the source,category/text,Building height validation,Blank means unavailable or not applicable; source values are retained
figure/supplementary/figureS5/FigS5_reported_summary.csv,metric,"Named conceptual element, metric, parameter or analysis stage",category/text,Guangzhou event-building linkage,Blank means unavailable or not applicable; source values are retained
figure/supplementary/figureS5/FigS5_reported_summary.csv,value,"Source value, displayed/reported value, pooled estimate, fold mean or fold standard deviation, as named",unit of named metric,Guangzhou event-building linkage,Blank means unavailable or not applicable; source values are retained
figure/supplementary/figureS5/FigS5_reported_summary.csv,unit,Unit of measurement stated by the source,category/text,Guangzhou event-building linkage,Blank means unavailable or not applicable; source values are retained
figure/supplementary/figureS6/FigS6_workflow_counts.csv,stage,"Named conceptual element, metric, parameter or analysis stage",category/text,Workflow stage counts and manual-validation summary,Blank means unavailable or not applicable; source values are retained
figure/supplementary/figureS6/FigS6_workflow_counts.csv,n,Count or denominator for the row group indicated by the table,count,Workflow stage counts and manual-validation summary,Blank means unavailable or not applicable; source values are retained
figure/supplementary/figureS6/FigS6_workflow_counts.csv,unit,Unit of measurement stated by the source,category/text,Workflow stage counts and manual-validation summary,Blank means unavailable or not applicable; source values are retained
figure/supplementary/figureS7/FigS7_official_validation_derived_statistics.csv,metric_group,"Named conceptual element, metric, parameter or analysis stage",category/text,Fixed anonymous Shanghai demonstration or validation records,Blank means unavailable or not applicable; source values are retained
figure/supplementary/figureS7/FigS7_official_validation_derived_statistics.csv,sample,"Source, comparison, sample or proxy defining the row",category/text,Fixed anonymous Shanghai demonstration or validation records,Blank means unavailable or not applicable; source values are retained
figure/supplementary/figureS7/FigS7_official_validation_derived_statistics.csv,proxy,"Source, comparison, sample or proxy defining the row",category/text,Fixed anonymous Shanghai demonstration or validation records,Blank means unavailable or not applicable; source values are retained
figure/supplementary/figureS7/FigS7_official_validation_derived_statistics.csv,n,Count or denominator for the row group indicated by the table,count,Fixed anonymous Shanghai demonstration or validation records,Blank means unavailable or not applicable; source values are retained
figure/supplementary/figureS7/FigS7_official_validation_derived_statistics.csv,pearson_r,"Named correlation, squared correlation or uncentered no-intercept regression R²",dimensionless,Fixed anonymous Shanghai demonstration or validation records,Blank means unavailable or not applicable; source values are retained
figure/supplementary/figureS7/FigS7_official_validation_derived_statistics.csv,pearson_r_squared,"Named correlation, squared correlation or uncentered no-intercept regression R²",dimensionless,Fixed anonymous Shanghai demonstration or validation records,Blank means unavailable or not applicable; source values are retained
figure/supplementary/figureS7/FigS7_official_validation_derived_statistics.csv,no_intercept_regression_r2,"Named correlation, squared correlation or uncentered no-intercept regression R²",dimensionless,Fixed anonymous Shanghai demonstration or validation records,Blank means unavailable or not applicable; source values are retained
figure/supplementary/figureS7/FigS7_official_validation_derived_statistics.csv,spearman_rho,"Named correlation, squared correlation or uncentered no-intercept regression R²",dimensionless,Fixed anonymous Shanghai demonstration or validation records,Blank means unavailable or not applicable; source values are retained
figure/supplementary/figureS7/FigS7_official_validation_derived_statistics.csv,status,"Scope, interpretation or calculation information for the corresponding row",category/text,Fixed anonymous Shanghai demonstration or validation records,Blank means unavailable or not applicable; source values are retained
figure/supplementary/figureS7/FigS7_official_validation_derived_statistics.csv,note,"Scope, interpretation or calculation information for the corresponding row",category/text,Fixed anonymous Shanghai demonstration or validation records,Blank means unavailable or not applicable; source values are retained
figure/supplementary/figureS7/FigS7_provincial_2020.csv,year,Calendar year defining the stated observation or validation scope,year,2020 official and social-sensing comparison,Blank means unavailable or not applicable; source values are retained
figure/supplementary/figureS7/FigS7_provincial_2020.csv,province,Named administrative unit represented by the row,category/text,2020 official and social-sensing comparison,Blank means unavailable or not applicable; source values are retained
figure/supplementary/figureS7/FigS7_provincial_2020.csv,official_share,Fraction for the named measure; official and social-sensing shares use separate totals,"fraction [0,1]",2020 official and social-sensing comparison,Blank means unavailable or not applicable; source values are retained
figure/supplementary/figureS7/FigS7_provincial_2020.csv,weibo_dedup_events,Deduplicated social-sensing event count,events,2020 official and social-sensing comparison,Blank means unavailable or not applicable; source values are retained
figure/supplementary/figureS7/FigS7_provincial_2020.csv,weibo_share,Fraction for the named measure; official and social-sensing shares use separate totals,"fraction [0,1]",2020 official and social-sensing comparison,Blank means unavailable or not applicable; source values are retained
figure/supplementary/figureS7/FigS7_temporal_monthly_2020.csv,year,Calendar year defining the stated observation or validation scope,year,2020 official and social-sensing comparison,Blank means unavailable or not applicable; source values are retained
figure/supplementary/figureS7/FigS7_temporal_monthly_2020.csv,month,"Calendar month, 1 through 12",month number,2020 official and social-sensing comparison,Blank means unavailable or not applicable; source values are retained
figure/supplementary/figureS7/FigS7_temporal_monthly_2020.csv,official_share,Fraction for the named measure; official and social-sensing shares use separate totals,"fraction [0,1]",2020 official and social-sensing comparison,Blank means unavailable or not applicable; source values are retained
figure/supplementary/figureS7/FigS7_temporal_monthly_2020.csv,weibo_dedup_events,Deduplicated social-sensing event count,events,2020 official and social-sensing comparison,Blank means unavailable or not applicable; source values are retained
figure/supplementary/figureS7/FigS7_temporal_monthly_2020.csv,weibo_share,Fraction for the named measure; official and social-sensing shares use separate totals,"fraction [0,1]",2020 official and social-sensing comparison,Blank means unavailable or not applicable; source values are retained
figure/supplementary/figureS8/FigS8_calibration_bins.csv,mean_predicted_probability,"Predicted probability, decision threshold or development quantile as named","fraction [0,1]; ROC sentinel may be non-finite",Manuscript OOF diagnostic source data,Blank means unavailable or not applicable; source values are retained
figure/supplementary/figureS8/FigS8_calibration_bins.csv,observed_fraction,Fraction for the named measure; official and social-sensing shares use separate totals,"fraction [0,1]",Manuscript OOF diagnostic source data,Blank means unavailable or not applicable; source values are retained
figure/supplementary/figureS8/FigS8_precision_recall_curve.csv,recall,Fraction for the named measure; official and social-sensing shares use separate totals,"fraction [0,1]",Manuscript OOF diagnostic source data,Blank means unavailable or not applicable; source values are retained
figure/supplementary/figureS8/FigS8_precision_recall_curve.csv,precision,Fraction for the named measure; official and social-sensing shares use separate totals,"fraction [0,1]",Manuscript OOF diagnostic source data,Blank means unavailable or not applicable; source values are retained
figure/supplementary/figureS8/FigS8_risk_grade_derived_statistics.csv,Risk_Grade,"Risk grade or cumulative set of grades; L1 is lowest, L5 highest",category/text,Manuscript OOF diagnostic source data,Blank means unavailable or not applicable; source values are retained
figure/supplementary/figureS8/FigS8_risk_grade_derived_statistics.csv,n,Count or denominator for the row group indicated by the table,count,Manuscript OOF diagnostic source data,Blank means unavailable or not applicable; source values are retained
figure/supplementary/figureS8/FigS8_risk_grade_derived_statistics.csv,n_sif,Fire-positive count within the stated row scope; events and building labels use distinct denominators,count; see table scope,Manuscript OOF diagnostic source data,Blank means unavailable or not applicable; source values are retained
figure/supplementary/figureS8/FigS8_risk_grade_derived_statistics.csv,incidence,Observed positive fraction or confidence bound in the stated risk grade,"fraction [0,1]",Manuscript OOF diagnostic source data,Blank means unavailable or not applicable; source values are retained
figure/supplementary/figureS8/FigS8_risk_grade_derived_statistics.csv,incidence_ci_low,Observed positive fraction or confidence bound in the stated risk grade,"fraction [0,1]",Manuscript OOF diagnostic source data,Blank means unavailable or not applicable; source values are retained
figure/supplementary/figureS8/FigS8_risk_grade_derived_statistics.csv,incidence_ci_high,Observed positive fraction or confidence bound in the stated risk grade,"fraction [0,1]",Manuscript OOF diagnostic source data,Blank means unavailable or not applicable; source values are retained
figure/supplementary/figureS8/FigS8_risk_grade_derived_statistics.csv,event_capture_share,Fraction for the named measure; official and social-sensing shares use separate totals,"fraction [0,1]",Manuscript OOF diagnostic source data,Blank means unavailable or not applicable; source values are retained
figure/supplementary/figureS8/FigS8_roc_curve.csv,fpr,Fraction for the named measure; official and social-sensing shares use separate totals,"fraction [0,1]",Manuscript OOF diagnostic source data,Blank means unavailable or not applicable; source values are retained
figure/supplementary/figureS8/FigS8_roc_curve.csv,tpr,Fraction for the named measure; official and social-sensing shares use separate totals,"fraction [0,1]",Manuscript OOF diagnostic source data,Blank means unavailable or not applicable; source values are retained
figure/supplementary/figureS8/FigS8_roc_curve.csv,threshold,"Predicted probability, decision threshold or development quantile as named","fraction [0,1]; ROC sentinel may be non-finite",Manuscript OOF diagnostic source data,Blank means unavailable or not applicable; source values are retained
figure/supplementary/figureS8/FigS8_summary_metrics.csv,metric,"Named conceptual element, metric, parameter or analysis stage",category/text,Reported and full-precision manuscript metrics,Blank means unavailable or not applicable; source values are retained
figure/supplementary/figureS8/FigS8_summary_metrics.csv,pooled,"Source value, displayed/reported value, pooled estimate, fold mean or fold standard deviation, as named",unit of named metric,Reported and full-precision manuscript metrics,Blank means unavailable or not applicable; source values are retained
figure/supplementary/figureS8/FigS8_summary_metrics.csv,fold_mean,"Source value, displayed/reported value, pooled estimate, fold mean or fold standard deviation, as named",unit of named metric,Reported and full-precision manuscript metrics,Blank means unavailable or not applicable; source values are retained
figure/supplementary/figureS8/FigS8_summary_metrics.csv,fold_sd,"Source value, displayed/reported value, pooled estimate, fold mean or fold standard deviation, as named",unit of named metric,Reported and full-precision manuscript metrics,Blank means unavailable or not applicable; source values are retained
figure/supplementary/figureS8/FigS8_summary_metrics.csv,calculation_note,"Scope, interpretation or calculation information for the corresponding row",category/text,Reported and full-precision manuscript metrics,Blank means unavailable or not applicable; source values are retained
figure/supplementary/figureS8/FigS8_summary_metrics.csv,reported_value,"Source value, displayed/reported value, pooled estimate, fold mean or fold standard deviation, as named",unit of named metric,Reported and full-precision manuscript metrics,Blank means unavailable or not applicable; source values are retained
figure/supplementary/figureS9/FigS9_cumulative_fire_capture.csv,grades,"Risk grade or cumulative set of grades; L1 is lowest, L5 highest",category/text,Chongqing external-validation aggregate,Blank means unavailable or not applicable; source values are retained
figure/supplementary/figureS9/FigS9_cumulative_fire_capture.csv,observations,Count or denominator for the row group indicated by the table,count,Chongqing external-validation aggregate,Blank means unavailable or not applicable; source values are retained
figure/supplementary/figureS9/FigS9_cumulative_fire_capture.csv,share_of_chongqing_observations_percent,Percentage of the denominator specified in the table or its README,%,Chongqing external-validation aggregate,Blank means unavailable or not applicable; source values are retained
figure/supplementary/figureS9/FigS9_cumulative_fire_capture.csv,positive_rows,Fire-positive count within the stated row scope; events and building labels use distinct denominators,count; see table scope,Chongqing external-validation aggregate,Blank means unavailable or not applicable; source values are retained
figure/supplementary/figureS9/FigS9_cumulative_fire_capture.csv,cumulative_fire_share_percent,Percentage of the denominator specified in the table or its README,%,Chongqing external-validation aggregate,Blank means unavailable or not applicable; source values are retained
figure/supplementary/figureS9/FigS9_development_thresholds.csv,development_quantile,"Predicted probability, decision threshold or development quantile as named","fraction [0,1]; ROC sentinel may be non-finite",Chongqing external-validation aggregate,Blank means unavailable or not applicable; source values are retained
figure/supplementary/figureS9/FigS9_development_thresholds.csv,cutoff,"Predicted probability, decision threshold or development quantile as named","fraction [0,1]; ROC sentinel may be non-finite",Chongqing external-validation aggregate,Blank means unavailable or not applicable; source values are retained
figure/supplementary/figureS9/FigS9_development_thresholds.csv,method,"Scope, interpretation or calculation information for the corresponding row",category/text,Chongqing external-validation aggregate,Blank means unavailable or not applicable; source values are retained
figure/supplementary/figureS9/FigS9_metrics.csv,dataset,"Source, comparison, sample or proxy defining the row",category/text,Chongqing external-validation aggregate,Blank means unavailable or not applicable; source values are retained
figure/supplementary/figureS9/FigS9_metrics.csv,metric,"Named conceptual element, metric, parameter or analysis stage",category/text,Chongqing external-validation aggregate,Blank means unavailable or not applicable; source values are retained
figure/supplementary/figureS9/FigS9_metrics.csv,value,"Source value, displayed/reported value, pooled estimate, fold mean or fold standard deviation, as named",unit of named metric,Chongqing external-validation aggregate,Blank means unavailable or not applicable; source values are retained
figure/supplementary/figureS9/FigS9_risk_grades.csv,risk_grade,"Risk grade or cumulative set of grades; L1 is lowest, L5 highest",category/text,Chongqing external-validation aggregate,Blank means unavailable or not applicable; source values are retained
figure/supplementary/figureS9/FigS9_risk_grades.csv,observations,Count or denominator for the row group indicated by the table,count,Chongqing external-validation aggregate,Blank means unavailable or not applicable; source values are retained
figure/supplementary/figureS9/FigS9_risk_grades.csv,positive_rows,Fire-positive count within the stated row scope; events and building labels use distinct denominators,count; see table scope,Chongqing external-validation aggregate,Blank means unavailable or not applicable; source values are retained
figure/supplementary/figureS9/FigS9_risk_grades.csv,incidence_per_1000_observations,Observed incidence or Wilson confidence bound,positives per 1000 observations,Chongqing external-validation aggregate,Blank means unavailable or not applicable; source values are retained
figure/supplementary/figureS9/FigS9_risk_grades.csv,wilson_lower_per_1000,Observed incidence or Wilson confidence bound,positives per 1000 observations,Chongqing external-validation aggregate,Blank means unavailable or not applicable; source values are retained
figure/supplementary/figureS9/FigS9_risk_grades.csv,wilson_upper_per_1000,Observed incidence or Wilson confidence bound,positives per 1000 observations,Chongqing external-validation aggregate,Blank means unavailable or not applicable; source values are retained
figure/supplementary/figureS9/FigS9_risk_grades.csv,relative_to_overall_incidence,Grade incidence divided by overall Chongqing incidence,ratio,Chongqing external-validation aggregate,Blank means unavailable or not applicable; source values are retained
figure/supplementary/tables/TableS1.csv,city,Named administrative unit represented by the row,category/text,Supplementary Table S1,Blank means unavailable or not applicable; source values are retained
figure/supplementary/tables/TableS1.csv,building_count,"Building count in the indicated inventory, model or population-valid subset",buildings,Supplementary Table S1,Blank means unavailable or not applicable; source values are retained
figure/supplementary/tables/TableS1.csv,total_floor_area_million_m2,Total estimated floor area in the city inventory,million m²,Supplementary Table S1,Blank means unavailable or not applicable; source values are retained
figure/supplementary/tables/TableS1.csv,median_height_m,Mean or median building height as named by the field,m,Supplementary Table S1,Blank means unavailable or not applicable; source values are retained
figure/supplementary/tables/TableS1.csv,median_age_years,Mean or median building age as named by the field,years,Supplementary Table S1,Blank means unavailable or not applicable; source values are retained
figure/supplementary/tables/TableS1.csv,population_10000_people,Population denominator in the city inventory,"10,000 persons",Supplementary Table S1,Blank means unavailable or not applicable; source values are retained
figure/supplementary/tables/TableS2_field_definitions.csv,category,Source or displayed grouping/category indicated by this field,category/text,Inventory field definitions,Blank means unavailable or not applicable; source values are retained
figure/supplementary/tables/TableS2_field_definitions.csv,inventory_field,Definition/name of a source inventory field; does not release its original row-level values,category/text,Inventory field definitions,Blank means unavailable or not applicable; source values are retained
figure/supplementary/tables/TableS2_field_definitions.csv,public_scope,"Scope, interpretation or calculation information for the corresponding row",category/text,Inventory field definitions,Blank means unavailable or not applicable; source values are retained
figure/supplementary/tables/TableS3.csv,keyword_group,"Social-sensing search keyword group, original search terms or English explanation",category/text,Supplementary Table S3,Blank means unavailable or not applicable; source values are retained
figure/supplementary/tables/TableS3.csv,chinese_terms,"Social-sensing search keyword group, original search terms or English explanation",category/text,Supplementary Table S3,Blank means unavailable or not applicable; source values are retained
figure/supplementary/tables/TableS3.csv,english_description,"Social-sensing search keyword group, original search terms or English explanation",category/text,Supplementary Table S3,Blank means unavailable or not applicable; source values are retained
figure/supplementary/tables/TableS5.csv,predictor,One of the nine model predictors; see predictor_dictionary.csv,category/text,Supplementary Table S5,Blank means unavailable or not applicable; source values are retained
figure/supplementary/tables/TableS5.csv,meaning,"Scientific meaning, formula or analysis setting from the supplementary table",category/text,Supplementary Table S5,Blank means unavailable or not applicable; source values are retained
figure/supplementary/tables/TableS5.csv,definition,"Scientific meaning, formula or analysis setting from the supplementary table",category/text,Supplementary Table S5,Blank means unavailable or not applicable; source values are retained
figure/supplementary/tables/TableS5.csv,unit,Unit of measurement stated by the source,category/text,Supplementary Table S5,Blank means unavailable or not applicable; source values are retained
figure/supplementary/tables/TableS6.csv,predictor,One of the nine model predictors; see predictor_dictionary.csv,category/text,Supplementary Table S6,Blank means unavailable or not applicable; source values are retained
figure/supplementary/tables/TableS6.csv,Pooled,Reported variance inflation factor for the named analysis population,dimensionless,Supplementary Table S6,Blank means unavailable or not applicable; source values are retained
figure/supplementary/tables/TableS6.csv,Beijing,Reported variance inflation factor for the named analysis population,dimensionless,Supplementary Table S6,Blank means unavailable or not applicable; source values are retained
figure/supplementary/tables/TableS6.csv,Shanghai,Reported variance inflation factor for the named analysis population,dimensionless,Supplementary Table S6,Blank means unavailable or not applicable; source values are retained
figure/supplementary/tables/TableS6.csv,Guangzhou,Reported variance inflation factor for the named analysis population,dimensionless,Supplementary Table S6,Blank means unavailable or not applicable; source values are retained
figure/supplementary/tables/TableS6.csv,Wuhan,Reported variance inflation factor for the named analysis population,dimensionless,Supplementary Table S6,Blank means unavailable or not applicable; source values are retained
figure/supplementary/tables/TableS7.csv,parameter,"Named conceptual element, metric, parameter or analysis stage",category/text,Supplementary Table S7,Blank means unavailable or not applicable; source values are retained
figure/supplementary/tables/TableS7.csv,setting,"Scientific meaning, formula or analysis setting from the supplementary table",category/text,Supplementary Table S7,Blank means unavailable or not applicable; source values are retained
figure/supplementary/tables/TableS8.csv,rank,"Rank in the stated group, starting at 1",ordinal,Supplementary Table S8,Blank means unavailable or not applicable; source values are retained
figure/supplementary/tables/TableS8.csv,predictor,One of the nine model predictors; see predictor_dictionary.csv,category/text,Supplementary Table S8,Blank means unavailable or not applicable; source values are retained
figure/supplementary/tables/TableS8.csv,mean_abs_shap,"SHAP contribution, mean absolute contribution, or mean absolute contribution × sign(feature–SHAP correlation), as named",raw model margin (log-odds),Supplementary Table S8,Blank means unavailable or not applicable; source values are retained
