public_event_id,event_month,post_count,repost_count_sum,comment_count_sum,praise_count_sum,has_coordinates,has_place_name,has_address
sh_weibo_event_0001,2017-01,1,0,0,0,1,1,1
sh_weibo_event_0002,2017-09,1,0,1,1,1,1,1
sh_weibo_event_0003,2017-09,2,0,0,0,1,1,1
sh_weibo_event_0004,2017-11,1,0,0,0,1,1,1
sh_weibo_event_0005,2018-01,1,0,0,0,1,1,1
sh_weibo_event_0006,2018-03,1,0,0,0,1,1,1
sh_weibo_event_0007,2018-05,1,0,0,0,1,1,1
sh_weibo_event_0008,2019-01,1,0,1,1,1,1,1
sh_weibo_event_0009,2019-03,1,0,1,1,1,1,1
sh_weibo_event_0010,2019-03,1,0,0,0,1,1,1
sh_weibo_event_0011,2019-03,1,0,0,0,1,1,1
sh_weibo_event_0012,2019-03,1,0,0,0,1,1,1
sh_weibo_event_0013,2019-03,1,0,0,0,1,1,1
sh_weibo_event_0014,2019-03,1,6,9,28,1,1,1
sh_weibo_event_0015,2019-04,1,0,0,0,1,1,1
sh_weibo_event_0016,2019-04,1,0,0,3,1,1,1
sh_weibo_event_0017,2019-04,1,0,0,0,1,1,1
sh_weibo_event_0018,2019-04,1,0,0,2,1,1,1
sh_weibo_event_0019,2019-04,1,0,0,1,1,1,1
sh_weibo_event_0020,2019-04,1,0,0,0,1,1,1
sh_weibo_event_0021,2019-05,1,0,1,1,1,1,1
sh_weibo_event_0022,2019-05,1,0,0,0,1,1,1
sh_weibo_event_0023,2019-05,1,0,0,1,1,1,1
sh_weibo_event_0024,2019-05,1,1,2,2,1,1,1
sh_weibo_event_0025,2019-05,1,0,0,1,1,1,1
sh_weibo_event_0026,2019-05,1,0,0,0,1,1,1
sh_weibo_event_0027,2019-05,1,0,3,2,1,1,1
sh_weibo_event_0028,2019-06,1,0,1,3,1,1,1
sh_weibo_event_0029,2019-06,1,0,0,1,1,1,1
sh_weibo_event_0030,2019-06,1,0,1,1,1,1,1
sh_weibo_event_0031,2019-06,1,0,0,0,1,1,1
sh_weibo_event_0032,2019-06,1,1,1,3,1,1,1
sh_weibo_event_0033,2019-07,1,0,0,0,1,1,1
sh_weibo_event_0034,2019-07,1,0,0,4,1,1,1
sh_weibo_event_0035,2019-07,1,0,2,0,1,1,1
sh_weibo_event_0036,2019-07,1,1,4,3,1,1,1
sh_weibo_event_0037,2019-07,1,0,0,2,1,1,1
sh_weibo_event_0038,2019-07,1,0,1,2,1,1,1
sh_weibo_event_0039,2019-07,1,2,1,1,1,1,1
sh_weibo_event_0040,2019-07,1,0,4,1,1,1,1
sh_weibo_event_0041,2019-08,1,0,1,0,1,1,1
sh_weibo_event_0042,2019-08,1,0,0,4,1,1,1
sh_weibo_event_0043,2019-08,2,2,19,3,1,1,1
sh_weibo_event_0044,2019-08,1,0,2,1,1,1,1
sh_weibo_event_0045,2019-08,1,0,0,1,1,1,1
sh_weibo_event_0046,2019-08,1,0,3,1,1,1,1
sh_weibo_event_0047,2019-08,1,0,1,0,1,1,1
sh_weibo_event_0048,2019-08,1,0,5,4,1,1,1
sh_weibo_event_0049,2019-08,1,0,3,34,1,1,1
sh_weibo_event_0050,2019-08,1,0,0,0,1,1,1
sh_weibo_event_0051,2019-08,1,0,0,1,1,1,1
sh_weibo_event_0052,2019-08,1,0,1,0,1,1,1
sh_weibo_event_0053,2019-09,1,0,2,0,1,1,1
sh_weibo_event_0054,2019-09,1,0,6,1,1,1,1
sh_weibo_event_0055,2019-09,1,1,1,1,1,1,1
sh_weibo_event_0056,2019-09,1,0,1,4,1,1,1
sh_weibo_event_0057,2019-09,1,0,0,0,1,1,1
sh_weibo_event_0058,2019-09,1,0,0,2,1,1,1
sh_weibo_event_0059,2019-10,1,0,0,1,1,1,1
sh_weibo_event_0060,2019-10,2,0,2,0,1,1,1
sh_weibo_event_0061,2019-10,1,0,0,0,1,1,1
sh_weibo_event_0062,2019-10,1,55,10,1,1,1,1
sh_weibo_event_0063,2019-10,1,0,0,1,1,1,1
sh_weibo_event_0064,2019-10,1,0,0,0,1,1,1
sh_weibo_event_0065,2019-10,1,0,0,0,1,1,1
sh_weibo_event_0066,2019-10,1,0,0,0,1,1,1
sh_weibo_event_0067,2019-11,1,0,25,3,1,1,1
sh_weibo_event_0068,2019-11,1,1,14,8,1,1,1
sh_weibo_event_0069,2019-11,1,0,0,0,1,1,1
sh_weibo_event_0070,2019-11,1,0,0,2,1,1,1
sh_weibo_event_0071,2019-11,1,0,0,2,1,1,1
sh_weibo_event_0072,2019-11,1,0,0,2,1,1,1
sh_weibo_event_0073,2019-11,1,0,0,0,1,1,1
sh_weibo_event_0074,2019-11,1,0,0,0,1,1,1
sh_weibo_event_0075,2019-11,1,0,0,0,1,1,1
sh_weibo_event_0076,2019-12,1,0,0,2,1,1,1
sh_weibo_event_0077,2019-12,1,0,0,0,1,1,1
sh_weibo_event_0078,2019-12,1,8,10,0,1,1,1
sh_weibo_event_0079,2019-12,1,0,0,0,1,1,1
sh_weibo_event_0080,2019-12,1,1,0,3,1,1,1
sh_weibo_event_0081,2019-12,1,2,29,40,1,1,1
sh_weibo_event_0082,2019-12,1,0,1,7,1,1,1
sh_weibo_event_0083,2019-12,2,13,15,18,1,1,1
sh_weibo_event_0084,2019-12,1,0,8,2,1,1,1
sh_weibo_event_0085,2019-12,1,0,0,4,1,1,1
sh_weibo_event_0086,2019-12,3,0,2,0,1,1,1
sh_weibo_event_0087,2019-12,1,0,0,4,1,1,1
sh_weibo_event_0088,2019-12,1,1,14,9,1,1,1
sh_weibo_event_0089,2019-12,2,22,64,105,1,1,1
sh_weibo_event_0090,2019-12,1,5,5,7,1,1,1
sh_weibo_event_0091,2019-12,1,0,0,2,1,1,1
sh_weibo_event_0092,2019-12,1,0,0,1,1,1,1
sh_weibo_event_0093,2020-01,1,0,0,0,1,1,1
sh_weibo_event_0094,2020-01,1,0,0,0,1,1,1
sh_weibo_event_0095,2020-01,1,1,7,2,1,1,1
sh_weibo_event_0096,2020-01,1,0,0,0,1,1,1
sh_weibo_event_0097,2020-01,1,0,0,2,1,1,1
sh_weibo_event_0098,2020-02,1,0,0,1,1,1,1
sh_weibo_event_0099,2020-02,1,4,0,7,1,1,1
sh_weibo_event_0100,2020-02,1,1,10,11,1,1,1
sh_weibo_event_0101,2020-02,1,0,1,0,1,1,1
sh_weibo_event_0102,2020-02,2,0,12,13,1,1,1
sh_weibo_event_0103,2020-03,1,1,2,0,1,1,1
sh_weibo_event_0104,2020-03,1,0,1,1,1,1,1
sh_weibo_event_0105,2020-03,1,0,2,1,1,1,1
sh_weibo_event_0106,2020-03,1,1,2,8,1,1,1
sh_weibo_event_0107,2020-03,1,0,0,5,1,1,1
sh_weibo_event_0108,2020-03,1,0,22,7,1,1,1
sh_weibo_event_0109,2020-03,1,2,6,5,1,1,1
sh_weibo_event_0110,2020-03,1,1,15,15,1,1,1
sh_weibo_event_0111,2020-03,1,20,23,25,1,1,1
sh_weibo_event_0112,2020-03,1,0,4,1,1,1,1
sh_weibo_event_0113,2020-03,1,8,6,21,1,1,1
sh_weibo_event_0114,2020-03,1,1,0,0,1,1,1
sh_weibo_event_0115,2020-03,1,0,0,2,1,1,1
sh_weibo_event_0116,2020-03,1,0,0,1,1,1,1
sh_weibo_event_0117,2020-03,1,0,0,0,1,1,1
sh_weibo_event_0118,2020-03,1,0,0,0,1,1,1
sh_weibo_event_0119,2020-03,1,0,0,0,1,1,1
sh_weibo_event_0120,2020-04,1,0,1,0,1,1,1
sh_weibo_event_0121,2020-04,1,1,5,4,1,1,1
sh_weibo_event_0122,2020-04,1,0,3,0,1,1,1
sh_weibo_event_0123,2020-04,1,0,0,2,1,1,1
sh_weibo_event_0124,2020-04,1,0,4,0,1,1,1
sh_weibo_event_0125,2020-04,1,0,0,0,1,1,1
sh_weibo_event_0126,2020-04,1,0,3,0,1,1,1
sh_weibo_event_0127,2020-04,1,0,0,0,1,1,1
sh_weibo_event_0128,2020-04,1,0,1,2,1,1,1
sh_weibo_event_0129,2020-04,1,0,0,1,1,1,1
sh_weibo_event_0130,2020-04,1,0,2,0,1,1,1
sh_weibo_event_0131,2020-04,1,0,5,0,1,1,1
sh_weibo_event_0132,2020-04,1,0,0,0,1,1,1
sh_weibo_event_0133,2020-05,1,0,0,1,1,1,1
sh_weibo_event_0134,2020-05,1,1,5,10,1,1,1
sh_weibo_event_0135,2020-05,1,0,5,0,1,1,1
sh_weibo_event_0136,2020-05,1,0,1,2,1,1,1
sh_weibo_event_0137,2020-05,1,0,0,1,1,1,1
sh_weibo_event_0138,2020-05,3,1,8,11,1,1,1
sh_weibo_event_0139,2020-05,1,0,0,0,1,1,1
sh_weibo_event_0140,2020-06,1,0,0,1,1,1,1
sh_weibo_event_0141,2020-06,1,0,0,1,1,1,1
sh_weibo_event_0142,2020-06,1,0,0,1,1,1,1
sh_weibo_event_0143,2020-06,1,0,3,0,1,1,1
sh_weibo_event_0144,2020-06,1,1,0,2,1,1,1
sh_weibo_event_0145,2020-06,1,1,3,2,1,1,1
sh_weibo_event_0146,2020-06,1,0,0,0,1,1,1
sh_weibo_event_0147,2020-06,1,0,5,6,1,1,1
sh_weibo_event_0148,2020-06,1,0,0,1,1,1,1
sh_weibo_event_0149,2020-06,1,0,3,2,1,1,1
sh_weibo_event_0150,2020-07,1,1,0,2,1,1,1
sh_weibo_event_0151,2020-07,1,0,4,4,1,1,1
sh_weibo_event_0152,2020-07,1,0,0,1,1,1,1
sh_weibo_event_0153,2020-07,1,0,0,0,1,1,1
sh_weibo_event_0154,2020-07,1,0,6,4,1,1,1
sh_weibo_event_0155,2020-08,1,3,6,2,1,1,1
sh_weibo_event_0156,2020-08,1,0,4,1,1,1,1
sh_weibo_event_0157,2020-08,1,0,0,1,1,1,1
sh_weibo_event_0158,2020-08,1,0,6,3,1,1,1
sh_weibo_event_0159,2020-08,1,0,0,1,1,1,1
sh_weibo_event_0160,2020-08,1,0,0,1,1,1,1
sh_weibo_event_0161,2020-08,1,0,0,0,1,1,1
sh_weibo_event_0162,2020-08,1,1,22,14,1,1,1
sh_weibo_event_0163,2020-09,1,0,0,0,1,1,1
sh_weibo_event_0164,2020-09,3,6,63,93,1,1,1
sh_weibo_event_0165,2020-09,1,0,1,2,1,1,1
sh_weibo_event_0166,2020-11,1,0,3,3,1,1,1
sh_weibo_event_0167,2020-11,1,0,2,0,1,1,1
sh_weibo_event_0168,2020-11,1,0,0,0,1,1,1
sh_weibo_event_0169,2020-11,1,0,2,3,1,1,1
sh_weibo_event_0170,2020-11,1,0,8,0,1,1,1
sh_weibo_event_0171,2020-12,1,2,0,5,1,1,1
sh_weibo_event_0172,2020-12,2,1,13,7,1,1,1
sh_weibo_event_0173,2020-12,1,1,30,39,1,1,1
sh_weibo_event_0174,2020-12,1,0,0,0,1,1,1
sh_weibo_event_0175,2021-01,1,0,9,7,1,1,1
sh_weibo_event_0176,2021-01,1,0,1,2,1,1,1
sh_weibo_event_0177,2021-01,1,0,15,5,1,1,1
sh_weibo_event_0178,2021-01,1,0,0,0,1,1,1
sh_weibo_event_0179,2021-01,1,0,0,0,1,1,1
sh_weibo_event_0180,2021-01,1,0,0,0,1,1,1
sh_weibo_event_0181,2021-01,1,0,0,0,1,1,1
sh_weibo_event_0182,2021-02,1,0,2,4,1,1,1
sh_weibo_event_0183,2021-02,1,0,2,5,1,1,1
sh_weibo_event_0184,2021-02,1,0,0,0,1,1,1
sh_weibo_event_0185,2021-02,1,0,0,0,1,1,1
sh_weibo_event_0186,2021-02,1,2,1,25,1,1,1
sh_weibo_event_0187,2021-03,1,2,25,21,1,1,1
sh_weibo_event_0188,2021-03,1,0,1,0,1,1,1
sh_weibo_event_0189,2021-03,1,0,4,6,1,1,1
sh_weibo_event_0190,2021-03,1,0,0,0,1,1,1
sh_weibo_event_0191,2021-03,1,0,0,0,1,1,1
sh_weibo_event_0192,2021-04,1,0,0,1,1,1,1
sh_weibo_event_0193,2021-04,1,0,0,1,1,1,1
sh_weibo_event_0194,2021-04,1,0,0,0,1,1,1
sh_weibo_event_0195,2021-04,1,0,4,0,1,1,1
sh_weibo_event_0196,2021-04,1,0,0,1,1,1,1
sh_weibo_event_0197,2021-04,1,0,0,3,1,1,1
sh_weibo_event_0198,2021-04,1,0,0,3,1,1,1
sh_weibo_event_0199,2021-05,1,0,2,0,1,1,1
sh_weibo_event_0200,2021-05,1,0,0,0,1,1,1
sh_weibo_event_0201,2021-05,1,0,0,0,1,1,1
sh_weibo_event_0202,2021-06,1,1,0,2,1,1,1
sh_weibo_event_0203,2021-06,1,0,3,1,1,1,1
sh_weibo_event_0204,2021-06,1,0,0,2,1,1,1
sh_weibo_event_0205,2021-06,1,0,0,1,1,1,1
sh_weibo_event_0206,2021-07,2,4,1,1,1,1,1
sh_weibo_event_0207,2021-07,1,1,2,0,1,1,1
sh_weibo_event_0208,2021-08,1,0,0,0,1,1,1
sh_weibo_event_0209,2021-08,1,0,0,3,1,1,1
sh_weibo_event_0210,2021-08,1,0,3,0,1,1,1
sh_weibo_event_0211,2021-08,1,0,2,1,1,1,1
sh_weibo_event_0212,2021-08,1,2,4,1,1,1,1
sh_weibo_event_0213,2021-09,1,0,0,0,1,1,1
sh_weibo_event_0214,2021-09,1,0,3,2,1,1,1
sh_weibo_event_0215,2021-09,1,0,0,1,1,1,1
sh_weibo_event_0216,2021-09,1,1,0,1,1,1,1
sh_weibo_event_0217,2021-09,1,0,0,0,1,1,1
sh_weibo_event_0218,2021-10,1,0,3,0,1,1,1
sh_weibo_event_0219,2021-10,1,0,1,0,1,1,1
sh_weibo_event_0220,2021-10,1,0,0,1,1,1,1
sh_weibo_event_0221,2021-10,1,0,0,3,1,1,1
sh_weibo_event_0222,2021-10,1,1,5,5,1,1,1
sh_weibo_event_0223,2021-10,1,0,0,4,1,1,1
sh_weibo_event_0224,2021-11,1,0,4,6,1,1,1
sh_weibo_event_0225,2021-12,1,0,2,0,1,1,1
sh_weibo_event_0226,2021-12,1,0,3,0,1,1,1
sh_weibo_event_0227,2021-12,1,0,1,0,1,1,1
sh_weibo_event_0228,2021-12,1,0,4,12,1,1,1
sh_weibo_event_0229,2022-01,1,0,0,0,1,1,1
sh_weibo_event_0230,2022-02,1,1,0,2,1,1,1
sh_weibo_event_0231,2022-02,1,0,2,3,1,1,1
sh_weibo_event_0232,2022-03,1,0,2,2,1,1,1
sh_weibo_event_0233,2022-03,1,1,0,1,1,1,1
sh_weibo_event_0234,2022-03,1,0,1,4,1,1,1
sh_weibo_event_0235,2022-03,2,0,0,4,1,1,1
sh_weibo_event_0236,2022-03,1,0,0,2,1,1,1
sh_weibo_event_0237,2022-03,1,0,0,0,1,1,1
sh_weibo_event_0238,2022-03,1,0,1,0,1,1,1
sh_weibo_event_0239,2022-03,1,0,0,0,1,1,1
sh_weibo_event_0240,2022-04,1,1,0,2,1,1,1
sh_weibo_event_0241,2022-04,1,1,0,0,1,1,1
sh_weibo_event_0242,2022-05,1,0,3,2,1,1,1
sh_weibo_event_0243,2022-05,1,1,1,2,1,1,1
sh_weibo_event_0244,2022-05,1,0,0,0,1,1,1
sh_weibo_event_0245,2022-05,1,0,1,0,1,1,1
sh_weibo_event_0246,2022-06,1,0,1,1,1,1,1
sh_weibo_event_0247,2022-06,1,67,30,116,1,1,1
sh_weibo_event_0248,2022-06,1,23,9,41,1,1,1
sh_weibo_event_0249,2022-06,1,0,0,0,1,1,1
sh_weibo_event_0250,2022-06,1,2,0,21,1,1,1
sh_weibo_event_0251,2022-06,1,1,0,3,1,1,1
sh_weibo_event_0252,2022-06,1,0,21,7,1,1,1
sh_weibo_event_0253,2022-06,1,1,16,19,1,1,1
sh_weibo_event_0254,2022-06,1,0,0,7,1,1,1
sh_weibo_event_0255,2022-06,1,1,6,20,1,1,1
sh_weibo_event_0256,2022-06,1,0,5,3,1,1,1
sh_weibo_event_0257,2022-06,1,0,0,5,1,1,1
sh_weibo_event_0258,2022-07,1,2,8,4,1,1,1
sh_weibo_event_0259,2022-07,1,75,90,175,1,1,1
sh_weibo_event_0260,2022-08,1,0,0,1,1,1,1
sh_weibo_event_0261,2022-08,1,0,0,0,1,1,1
sh_weibo_event_0262,2022-08,1,0,0,1,1,1,1
sh_weibo_event_0263,2022-08,1,0,0,3,1,1,1
sh_weibo_event_0264,2022-09,1,0,1,2,1,1,1
sh_weibo_event_0265,2022-09,1,0,0,0,1,1,1
sh_weibo_event_0266,2022-09,1,0,4,3,1,1,1
sh_weibo_event_0267,2022-09,1,1,2,2,1,1,1
sh_weibo_event_0268,2022-09,1,0,10,3,1,1,1
sh_weibo_event_0269,2022-10,1,0,0,0,1,1,1
sh_weibo_event_0270,2022-10,1,0,0,0,1,1,1
sh_weibo_event_0271,2022-10,1,1,0,10,1,1,1
sh_weibo_event_0272,2022-11,1,0,0,3,1,1,1
sh_weibo_event_0273,2022-11,1,1,3,7,1,1,1
sh_weibo_event_0274,2022-12,1,0,0,0,1,1,1
sh_weibo_event_0275,2022-12,1,3,3,25,1,1,1
sh_weibo_event_0276,2022-12,1,0,7,11,1,1,1
sh_weibo_event_0277,2023-01,1,0,1,2,1,1,1
sh_weibo_event_0278,2023-01,1,0,0,0,1,1,1
sh_weibo_event_0279,2023-02,1,1,2,0,1,1,1
sh_weibo_event_0280,2023-03,1,0,0,0,1,1,1
sh_weibo_event_0281,2023-04,1,0,0,0,1,1,1
sh_weibo_event_0282,2023-04,1,0,0,0,1,1,1
sh_weibo_event_0283,2023-05,1,0,0,0,1,1,1
sh_weibo_event_0284,2023-05,1,0,2,1,1,1,1
sh_weibo_event_0285,2023-05,1,0,1,0,1,1,1
sh_weibo_event_0286,2023-05,1,0,0,2,1,1,1
sh_weibo_event_0287,2023-07,1,0,0,0,1,1,1
sh_weibo_event_0288,2023-08,1,0,2,0,1,1,1
sh_weibo_event_0289,2023-08,1,0,0,0,1,1,1
sh_weibo_event_0290,2023-08,1,1,3,9,1,1,1
sh_weibo_event_0291,2023-09,1,0,5,1,1,1,1
sh_weibo_event_0292,2023-10,1,0,0,0,1,1,1
sh_weibo_event_0293,2023-10,1,0,0,0,1,1,1
sh_weibo_event_0294,2023-10,1,2,4,11,1,1,1
sh_weibo_event_0295,2023-10,1,4,9,29,1,1,1
sh_weibo_event_0296,2023-11,1,1,4,1,1,1,1
sh_weibo_event_0297,2023-12,1,1,0,2,1,1,1
sh_weibo_event_0298,2023-12,1,0,2,0,1,1,1
sh_weibo_event_0299,2023-12,1,0,1,0,1,1,1
sh_weibo_event_0300,2023-12,1,0,0,0,1,1,1
sh_weibo_event_0301,2024-01,1,0,0,0,1,1,1
sh_weibo_event_0302,2024-01,1,2,1,1,1,1,1
sh_weibo_event_0303,2024-01,1,0,2,2,1,1,1
sh_weibo_event_0304,2024-01,1,0,2,0,1,1,1
sh_weibo_event_0305,2024-01,1,0,1,2,1,1,1
sh_weibo_event_0306,2024-01,1,0,8,19,1,1,1
sh_weibo_event_0307,2024-01,1,3,8,11,1,1,1
sh_weibo_event_0308,2024-01,1,0,1,0,1,1,1
sh_weibo_event_0309,2024-01,1,0,0,1,1,1,1
sh_weibo_event_0310,2024-01,1,0,1,4,1,1,1
sh_weibo_event_0311,2024-02,1,0,0,1,1,1,1
sh_weibo_event_0312,2024-02,1,1,0,10,1,1,1
sh_weibo_event_0313,2024-02,1,0,0,1,1,1,1
sh_weibo_event_0314,2024-02,1,0,0,0,1,1,1
sh_weibo_event_0315,2024-02,1,1,2,0,1,1,1
sh_weibo_event_0316,2024-03,1,0,1,1,1,1,1
sh_weibo_event_0317,2024-03,1,1,0,0,1,1,1
sh_weibo_event_0318,2024-03,1,0,0,0,1,1,1
sh_weibo_event_0319,2024-03,1,0,2,0,1,1,1
sh_weibo_event_0320,2024-03,1,0,0,0,1,1,1
sh_weibo_event_0321,2024-03,1,2,3,5,1,1,1
sh_weibo_event_0322,2024-03,1,2,0,4,1,1,1
sh_weibo_event_0323,2024-03,1,0,4,6,1,1,1
sh_weibo_event_0324,2024-03,1,0,1,8,1,1,1
sh_weibo_event_0325,2024-03,1,0,1,1,1,1,1
sh_weibo_event_0326,2024-04,1,0,0,2,1,1,1
sh_weibo_event_0327,2024-04,1,8,110,371,1,1,1
sh_weibo_event_0328,2024-04,1,0,0,1,1,1,1
sh_weibo_event_0329,2024-04,9,49,76,317,1,1,1
sh_weibo_event_0330,2024-04,1,0,0,0,1,1,1
sh_weibo_event_0331,2024-05,1,1,1,0,1,1,1
sh_weibo_event_0332,2024-05,1,0,0,1,1,1,1
sh_weibo_event_0333,2024-05,1,0,2,0,1,1,1
sh_weibo_event_0334,2024-05,1,0,2,6,1,1,1
sh_weibo_event_0335,2024-05,1,0,0,0,1,1,1
sh_weibo_event_0336,2024-05,1,0,0,0,1,1,1
sh_weibo_event_0337,2024-05,1,0,3,5,1,1,1
sh_weibo_event_0338,2024-05,1,0,0,4,1,1,1
sh_weibo_event_0339,2024-05,1,0,2,7,1,1,1
sh_weibo_event_0340,2024-05,1,0,2,2,1,1,1
sh_weibo_event_0341,2024-06,1,0,3,2,1,1,1
sh_weibo_event_0342,2024-06,1,0,0,1,1,1,1
sh_weibo_event_0343,2024-06,1,0,0,0,1,1,1
sh_weibo_event_0344,2024-06,1,2,0,12,1,1,1
sh_weibo_event_0345,2024-06,1,2,10,21,1,1,1
sh_weibo_event_0346,2024-07,1,0,0,1,1,1,1
sh_weibo_event_0347,2024-07,1,1,0,3,1,1,1
sh_weibo_event_0348,2024-07,1,0,2,4,1,1,1
sh_weibo_event_0349,2024-07,1,12,12,40,1,1,1
sh_weibo_event_0350,2024-07,1,0,1,2,1,1,1
sh_weibo_event_0351,2024-08,1,0,2,0,1,1,1
sh_weibo_event_0352,2024-08,2,5,1,2,1,1,1
sh_weibo_event_0353,2024-08,2,4,0,7,1,1,1
sh_weibo_event_0354,2024-08,1,0,4,5,1,1,1
sh_weibo_event_0355,2024-08,1,0,0,0,1,1,1
sh_weibo_event_0356,2024-08,1,0,1,6,1,1,1
sh_weibo_event_0357,2024-09,1,0,5,2,1,1,1
sh_weibo_event_0358,2024-09,1,0,0,0,1,1,1
sh_weibo_event_0359,2024-10,1,0,0,0,1,1,1
sh_weibo_event_0360,2024-10,1,0,0,0,1,1,1
sh_weibo_event_0361,2024-10,1,0,0,5,1,1,1
sh_weibo_event_0362,2024-10,1,1,0,3,1,1,1
sh_weibo_event_0363,2024-11,1,0,0,0,1,1,1
sh_weibo_event_0364,2024-11,1,0,0,1,1,1,1
sh_weibo_event_0365,2024-11,1,0,0,2,1,1,1
sh_weibo_event_0366,2024-11,1,0,0,0,1,1,1
sh_weibo_event_0367,2024-11,1,0,5,3,1,1,1
sh_weibo_event_0368,2024-11,2,0,0,7,1,1,1
sh_weibo_event_0369,2024-12,1,1,5,3,1,1,1
sh_weibo_event_0370,2024-12,1,0,0,0,1,1,1
sh_weibo_event_0371,2024-12,1,1,0,3,1,1,1
sh_weibo_event_0372,2024-12,1,0,0,0,1,1,1
sh_weibo_event_0373,2024-12,1,0,0,1,1,1,1
sh_weibo_event_0374,2025-01,1,0,0,0,1,1,1
sh_weibo_event_0375,2025-01,1,0,4,0,1,1,1
sh_weibo_event_0376,2025-01,1,0,0,0,1,1,1
sh_weibo_event_0377,2025-01,1,0,0,0,1,1,1
sh_weibo_event_0378,2025-01,1,0,0,0,1,1,1
sh_weibo_event_0379,2025-01,1,0,0,0,1,1,1
sh_weibo_event_0380,2025-01,1,0,10,9,1,1,1
sh_weibo_event_0381,2025-01,1,0,0,0,1,1,1
sh_weibo_event_0382,2025-01,1,0,0,0,1,1,1
sh_weibo_event_0383,2025-02,1,0,0,0,1,1,1
sh_weibo_event_0384,2025-02,1,0,0,0,1,1,1
sh_weibo_event_0385,2025-03,1,0,1,0,1,1,1
sh_weibo_event_0386,2025-03,1,0,0,2,1,1,1
sh_weibo_event_0387,2025-03,1,1,3,1,1,1,1
sh_weibo_event_0388,2025-03,1,0,1,2,1,1,1
sh_weibo_event_0389,2025-04,1,0,0,0,1,1,1
sh_weibo_event_0390,2025-04,1,0,0,1,1,1,1
sh_weibo_event_0391,2025-04,1,0,10,26,1,1,1
sh_weibo_event_0392,2025-04,1,0,0,0,1,1,1
sh_weibo_event_0393,2025-04,1,0,0,0,1,1,1
sh_weibo_event_0394,2025-04,1,0,0,1,1,1,1
sh_weibo_event_0395,2025-04,1,3,1,3,1,1,1
sh_weibo_event_0396,2025-04,1,0,0,0,1,1,1
sh_weibo_event_0397,2025-04,1,0,0,0,1,1,1
sh_weibo_event_0398,2025-04,1,0,0,5,1,1,1
sh_weibo_event_0399,2025-04,1,0,1,3,1,1,1
sh_weibo_event_0400,2025-04,1,0,0,0,1,1,1
sh_weibo_event_0401,2025-04,1,0,0,0,1,1,1
sh_weibo_event_0402,2025-04,1,0,0,2,1,1,1
sh_weibo_event_0403,2025-05,1,365,105,1807,1,1,1
sh_weibo_event_0404,2025-05,1,0,0,0,1,1,1
sh_weibo_event_0405,2025-05,1,0,0,0,1,1,1
sh_weibo_event_0406,2025-05,1,0,1,0,1,1,1
sh_weibo_event_0407,2025-05,1,0,0,2,1,1,1
sh_weibo_event_0408,2025-05,1,0,0,0,1,1,1
sh_weibo_event_0409,2025-05,1,0,0,0,1,1,1
sh_weibo_event_0410,2025-05,1,0,0,0,1,1,1
sh_weibo_event_0411,2025-06,1,0,0,0,1,1,1
sh_weibo_event_0412,2025-06,1,0,0,3,1,1,1
sh_weibo_event_0413,2025-06,1,0,0,0,1,1,1
sh_weibo_event_0414,2025-06,1,18,58,218,1,1,1
sh_weibo_event_0415,2025-07,1,0,0,0,1,1,1
sh_weibo_event_0416,2025-07,1,0,0,0,1,1,1
sh_weibo_event_0417,2025-07,1,0,0,0,1,1,1
sh_weibo_event_0418,2025-07,1,0,0,1,1,1,1
sh_weibo_event_0419,2025-08,1,0,1,0,1,1,1
sh_weibo_event_0420,2025-08,1,0,0,1,1,1,1
