rank,city_name,fire_count,is_four_target_city
1,上海市,448,True
2,杭州市,277,False
3,武汉市,235,True
4,郑州市,215,False
5,西安市,212,False
6,北京市,187,True
7,石家庄市,183,False
8,重庆市,178,False
9,广州市,177,True
10,长沙市,174,False
11,沈阳市,170,False
12,济南市,129,False
13,苏州市,129,False
14,香港特别行政区,127,False
15,合肥市,121,False
16,深圳市,118,False
17,长春市,109,False
18,福州市,102,False
19,南京市,101,False
20,宁波市,95,False
21,昆明市,90,False
22,青岛市,84,False
23,无锡市,84,False
24,成都市,84,False
25,东莞市,78,False
26,太原市,71,False
27,吉林市,70,False
28,大连市,69,False
29,佛山市,65,False
30,哈尔滨市,65,False
31,厦门市,63,False
32,天津市,61,False
33,温州市,60,False
34,抚州市,57,False
35,贵阳市,56,False
36,开封市,56,False
37,沧州市,51,False
38,泉州市,50,False
39,烟台市,50,False
40,常州市,48,False
41,淮安市,46,False
42,保定市,46,False
43,嘉兴市,44,False
44,金华市,44,False
45,营口市,44,False
46,汕头市,42,False
47,扬州市,42,False
48,绍兴市,42,False
49,锦州市,42,False
50,台州市,41,False
51,兰州市,41,False
52,临沂市,41,False
53,唐山市,41,False
54,渭南市,38,False
55,廊坊市,34,False
56,银川市,34,False
57,南昌市,34,False
58,秦皇岛市,34,False
59,邯郸市,33,False
60,徐州市,32,False
61,滨州市,32,False
62,葫芦岛市,30,False
63,南通市,30,False
64,宁德市,30,False
65,凉山彝族自治州,30,False
66,桂林市,30,False
67,惠州市,29,False
68,九江市,27,False
69,泰安市,26,False
70,新乡市,26,False
71,大理白族自治州,26,False
72,德阳市,24,False
73,珠海市,24,False
74,昌吉回族自治州,23,False
75,南宁市,23,False
76,肇庆市,23,False
77,东营市,23,False
78,乌鲁木齐市,22,False
79,南充市,22,False
80,淄博市,22,False
81,济宁市,22,False
82,宝鸡市,22,False
83,梧州市,22,False
84,中山市,21,False
85,泰州市,21,False
86,盐城市,20,False
87,蚌埠市,20,False
88,绵阳市,20,False
89,六安市,20,False
90,乐山市,20,False
91,清远市,19,False
92,赣州市,19,False
93,丽水市,19,False
94,UNMATCHED_TO_CITY_POLYGON,19,False
95,莆田市,18,False
96,邢台市,18,False
97,玉林市,18,False
98,咸阳市,18,False
99,株洲市,17,False
100,平顶山市,17,False
101,潍坊市,17,False
102,运城市,16,False
103,眉山市,15,False
104,孝感市,15,False
105,遵义市,15,False
106,宿州市,14,False
107,威海市,14,False
108,自贡市,14,False
109,湘潭市,14,False
110,宣城市,14,False
111,吕梁市,14,False
112,衡阳市,14,False
113,襄阳市,13,False
114,毕节市,13,False
115,安庆市,13,False
116,临汾市,13,False
117,枣庄市,13,False
118,张家口市,13,False
119,达州市,13,False
120,阜阳市,13,False
121,漳州市,13,False
122,滁州市,13,False
123,淮北市,13,False
124,湖州市,13,False
125,连云港市,12,False
126,湛江市,12,False
127,张掖市,12,False
128,大庆市,12,False
129,上饶市,12,False
130,延安市,12,False
131,攀枝花市,12,False
132,甘孜藏族自治州,11,False
133,芜湖市,11,False
134,陇南市,11,False
135,安康市,11,False
136,恩施土家族苗族自治州,11,False
137,宜昌市,11,False
138,荆门市,11,False
139,黄冈市,10,False
140,随州市,10,False
141,榆林市,10,False
142,定西市,10,False
143,宿迁市,10,False
144,阳江市,10,False
145,吉安市,10,False
146,江门市,10,False
147,郴州市,10,False
148,遂宁市,10,False
149,铜陵市,10,False
150,大同市,10,False
151,新余市,10,False
152,濮阳市,9,False
153,宜春市,9,False
154,怒江傈僳族自治州,9,False
155,晋城市,9,False
156,北海市,9,False
157,亳州市,9,False
158,龙岩市,9,False
159,岳阳市,8,False
160,宜宾市,8,False
161,安阳市,8,False
162,忻州市,8,False
163,马鞍山市,8,False
164,南平市,8,False
165,海口市,8,False
166,舟山市,8,False
167,资阳市,8,False
168,黔东南苗族侗族自治州,8,False
169,镇江市,8,False
170,许昌市,8,False
171,淮南市,8,False
172,柳州市,8,False
173,三明市,8,False
174,黄石市,8,False
175,十堰市,8,False
176,丹东市,8,False
177,洛阳市,8,False
178,泸州市,8,False
179,朔州市,7,False
180,承德市,7,False
181,韶关市,7,False
182,鞍山市,7,False
183,阿克苏地区,7,False
184,抚顺市,7,False
185,日照市,7,False
186,揭阳市,7,False
187,雅安市,7,False
188,平凉市,7,False
189,潮州市,7,False
190,齐齐哈尔市,7,False
191,衡水市,7,False
192,保山市,7,False
193,荆州市,7,False
194,阳泉市,6,False
195,长治市,6,False
196,永州市,6,False
197,鹤壁市,6,False
198,晋中市,6,False
199,巴中市,6,False
200,茂名市,6,False
201,池州市,6,False
202,呼和浩特市,6,False
203,包头市,5,False
204,澳门特别行政区,5,False
205,焦作市,5,False
206,呼伦贝尔市,5,False
207,怀化市,5,False
208,安顺市,5,False
209,梅州市,5,False
210,张家界市,5,False
211,常德市,5,False
212,贵港市,5,False
213,萍乡市,5,False
214,河池市,5,False
215,鸡西市,5,False
216,昭通市,5,False
217,黄山市,4,False
218,广安市,4,False
219,天水市,4,False
220,汉中市,4,False
221,丽江市,4,False
222,广元市,4,False
223,商洛市,4,False
224,盘锦市,4,False
225,益阳市,4,False
226,内江市,4,False
227,河源市,4,False
228,哈密市,4,False
229,湘西土家族苗族自治州,4,False
230,酒泉市,4,False
231,林芝市,4,False
232,楚雄彝族自治州,4,False
233,朝阳市,4,False
234,阿勒泰地区,3,False
235,景德镇市,3,False
236,曲靖市,3,False
237,普洱市,3,False
238,本溪市,3,False
239,鹰潭市,3,False
240,延边朝鲜族自治州,3,False
241,大兴安岭地区,3,False
242,娄底市,3,False
243,四平市,3,False
244,七台河市,3,False
245,庆阳市,3,False
246,三门峡市,3,False
247,邵阳市,3,False
248,铁岭市,3,False
249,防城港市,3,False
250,鄂州市,3,False
251,通化市,3,False
252,辽阳市,3,False
253,钦州市,3,False
254,六盘水市,3,False
255,百色市,3,False
256,赤峰市,3,False
257,衢州市,3,False
258,玉溪市,3,False
259,汕尾市,3,False
260,阿坝藏族羌族自治州,2,False
261,拉萨市,2,False
262,昌都市,2,False
263,阿里地区,2,False
264,云浮市,2,False
265,伊春市,2,False
266,锡林郭勒盟,2,False
267,黔南布依族苗族自治州,2,False
268,金昌市,2,False
269,鄂尔多斯市,2,False
270,辽源市,2,False
271,潜江市,2,False
272,白银市,2,False
273,铜川市,2,False
274,吐鲁番市,2,False
275,日喀则市,2,False
276,德州市,2,False
277,石嘴山市,2,False
278,万宁市,1,False
279,天门市,1,False
280,固原市,1,False
281,嘉峪关市,1,False
282,来宾市,1,False
283,松原市,1,False
284,巴彦淖尔市,1,False
285,文山壮族苗族自治州,1,False
286,黄南藏族自治州,1,False
287,乌兰察布市,1,False
288,临沧市,1,False
289,巴音郭楞蒙古自治州,1,False
290,海西蒙古族藏族自治州,1,False
291,牡丹江市,1,False
292,和田地区,1,False
293,咸宁市,1,False
294,喀什地区,1,False
295,博尔塔拉蒙古自治州,1,False
296,台湾省,1,False
297,绥化市,1,False
298,白城市,1,False
299,西双版纳傣族自治州,1,False
300,菏泽市,1,False
301,贺州市,1,False
302,西宁市,1,False
303,通辽市,1,False
304,克孜勒苏柯尔克孜自治州,1,False
305,克拉玛依市,1,False
306,伊犁哈萨克自治州,1,False
307,铜仁市,1,False
308,佳木斯市,1,False
309,阜新市,1,False
310,黔西南布依族苗族自治州,1,False
