city,grid_row,grid_col,mean_building_age,building_count,fire_count,fire_metric,age_bin,fire_bin,bivariate_class
Wuhan,16,42,,0,0,0.0,0,0,A0-F0
Wuhan,17,44,,0,0,0.0,0,0,A0-F0
Wuhan,16,41,,0,0,0.0,0,0,A0-F0
Wuhan,16,40,,0,0,0.0,0,0,A0-F0
Wuhan,17,41,5.5,2,0,0.0,1,1,A1-F1
Wuhan,17,40,20.22222222222222,9,0,0.0,2,1,A2-F1
Wuhan,18,41,5.48,100,0,0.0,1,1,A1-F1
Wuhan,18,40,5.652173913043479,23,0,0.0,1,1,A1-F1
Wuhan,19,41,6.0,3,0,0.0,1,1,A1-F1
Wuhan,17,43,,0,0,0.0,0,0,A0-F0
Wuhan,17,42,,0,0,0.0,0,0,A0-F0
Wuhan,18,44,3.0,7,0,0.0,1,1,A1-F1
Wuhan,18,45,7.0,1,0,0.0,1,1,A1-F1
Wuhan,18,43,,0,0,0.0,0,0,A0-F0
Wuhan,18,42,6.0,14,0,0.0,1,1,A1-F1
Wuhan,19,44,5.064516129032258,31,0,0.0,1,1,A1-F1
Wuhan,19,43,,0,0,0.0,0,0,A0-F0
Wuhan,19,45,4.5,8,0,0.0,1,1,A1-F1
Wuhan,19,40,13.214285714285714,28,0,0.0,1,1,A1-F1
Wuhan,19,39,14.0,2,0,0.0,1,1,A1-F1
Wuhan,20,41,7.0,3,0,0.0,1,1,A1-F1
Wuhan,20,40,12.210526315789474,38,0,0.0,1,1,A1-F1
Wuhan,20,39,14.447368421052632,38,0,0.0,1,1,A1-F1
Wuhan,21,41,26.923076923076923,13,0,0.0,3,1,A3-F1
Wuhan,21,39,10.333333333333334,9,0,0.0,1,1,A1-F1
Wuhan,21,40,21.33333333333333,12,0,0.0,2,1,A2-F1
Wuhan,22,40,17.53448275862069,58,0,0.0,2,1,A2-F1
Wuhan,22,41,22.75,72,0,0.0,2,1,A2-F1
Wuhan,16,55,6.904761904761905,21,0,0.0,1,1,A1-F1
Wuhan,16,53,,0,0,0.0,0,0,A0-F0
Wuhan,16,54,,0,0,0.0,0,0,A0-F0
Wuhan,17,55,5.25925925925926,27,0,0.0,1,1,A1-F1
Wuhan,17,53,,0,0,0.0,0,0,A0-F0
Wuhan,16,56,6.4,15,0,0.0,1,1,A1-F1
Wuhan,17,56,7.0,4,0,0.0,1,1,A1-F1
Wuhan,16,52,,0,0,0.0,0,0,A0-F0
Wuhan,17,52,,0,0,0.0,0,0,A0-F0
Wuhan,17,54,6.0,5,0,0.0,1,1,A1-F1
Wuhan,18,53,,0,0,0.0,0,0,A0-F0
Wuhan,18,55,,0,0,0.0,0,0,A0-F0
Wuhan,18,54,,0,0,0.0,0,0,A0-F0
Wuhan,19,52,,0,0,0.0,0,0,A0-F0
Wuhan,19,53,6.0,6,0,0.0,1,1,A1-F1
Wuhan,19,54,8.0,6,0,0.0,1,1,A1-F1
Wuhan,19,55,,0,0,0.0,0,0,A0-F0
Wuhan,20,54,16.6875,16,0,0.0,2,1,A2-F1
Wuhan,20,53,,0,0,0.0,0,0,A0-F0
Wuhan,18,58,,0,0,0.0,0,0,A0-F0
Wuhan,18,56,,0,0,0.0,0,0,A0-F0
Wuhan,18,57,,0,0,0.0,0,0,A0-F0
Wuhan,19,58,,0,0,0.0,0,0,A0-F0
Wuhan,19,56,,0,0,0.0,0,0,A0-F0
Wuhan,19,57,,0,0,0.0,0,0,A0-F0
Wuhan,20,56,8.904761904761905,21,0,0.0,1,1,A1-F1
Wuhan,20,58,,0,0,0.0,0,0,A0-F0
Wuhan,20,57,9.0,2,0,0.0,1,1,A1-F1
Wuhan,18,52,,0,0,0.0,0,0,A0-F0
Wuhan,20,51,,0,0,0.0,0,0,A0-F0
Wuhan,21,50,,0,0,0.0,0,0,A0-F0
Wuhan,17,31,16.0,1,0,0.0,2,1,A2-F1
Wuhan,17,32,15.25,4,0,0.0,1,1,A1-F1
Wuhan,18,32,17.482517482517483,143,0,0.0,2,1,A2-F1
Wuhan,18,33,12.694444444444445,72,0,0.0,1,1,A1-F1
Wuhan,19,33,15.0,110,0,0.0,1,1,A1-F1
Wuhan,19,32,12.022988505747126,87,0,0.0,1,1,A1-F1
Wuhan,20,34,17.125,8,0,0.0,2,1,A2-F1
Wuhan,20,38,7.0,2,0,0.0,1,1,A1-F1
Wuhan,21,37,12.0,5,0,0.0,1,1,A1-F1
Wuhan,21,35,15.909090909090908,22,0,0.0,2,1,A2-F1
Wuhan,20,33,23.213675213675213,117,0,0.0,2,1,A2-F1
Wuhan,20,32,12.696078431372548,102,1,1.0,1,2,A1-F2
Wuhan,21,34,17.327868852459016,61,0,0.0,2,1,A2-F1
Wuhan,21,33,14.535211267605634,142,0,0.0,1,1,A1-F1
Wuhan,21,32,21.275132275132275,189,0,0.0,2,1,A2-F1
Wuhan,22,34,17.43918918918919,148,0,0.0,2,1,A2-F1
Wuhan,22,32,16.837349397590362,166,0,0.0,2,1,A2-F1
Wuhan,22,33,15.121428571428572,140,1,1.0,1,2,A1-F2
Wuhan,23,33,23.772727272727277,88,0,0.0,2,1,A2-F1
Wuhan,23,34,22.272727272727277,198,0,0.0,2,1,A2-F1
Wuhan,19,42,4.666666666666667,6,0,0.0,1,1,A1-F1
Wuhan,20,43,4.0,9,0,0.0,1,1,A1-F1
Wuhan,20,44,13.514285714285714,35,0,0.0,1,1,A1-F1
Wuhan,20,42,2.857142857142857,7,0,0.0,1,1,A1-F1
Wuhan,20,45,6.555555555555555,9,0,0.0,1,1,A1-F1
Wuhan,21,42,7.0,7,0,0.0,1,1,A1-F1
Wuhan,21,43,14.714285714285714,7,0,0.0,1,1,A1-F1
Wuhan,21,44,7.321428571428571,84,0,0.0,1,1,A1-F1
Wuhan,21,45,3.0,2,0,0.0,1,1,A1-F1
Wuhan,22,42,,0,0,0.0,0,0,A0-F0
Wuhan,21,46,,0,0,0.0,0,0,A0-F0
Wuhan,22,46,,0,0,0.0,0,0,A0-F0
Wuhan,23,46,,0,0,0.0,0,0,A0-F0
Wuhan,22,43,8.0,6,0,0.0,1,1,A1-F1
Wuhan,22,44,8.0,59,0,0.0,1,1,A1-F1
Wuhan,22,45,8.0,4,0,0.0,1,1,A1-F1
Wuhan,23,42,15.357142857142858,14,0,0.0,1,1,A1-F1
Wuhan,23,43,,0,0,0.0,0,0,A0-F0
Wuhan,23,44,,0,0,0.0,0,0,A0-F0
Wuhan,23,45,,0,0,0.0,0,0,A0-F0
Wuhan,24,42,,0,0,0.0,0,0,A0-F0
Wuhan,24,43,,0,0,0.0,0,0,A0-F0
Wuhan,24,44,,0,0,0.0,0,0,A0-F0
Wuhan,22,39,11.03125,32,0,0.0,1,1,A1-F1
Wuhan,23,40,,0,0,0.0,0,0,A0-F0
Wuhan,23,41,12.341463414634148,41,0,0.0,1,1,A1-F1
Wuhan,23,39,8.0,15,0,0.0,1,1,A1-F1
Wuhan,24,40,22.0,1,0,0.0,2,1,A2-F1
Wuhan,24,41,22.0,2,0,0.0,2,1,A2-F1
Wuhan,24,39,24.0,2,0,0.0,3,1,A3-F1
Wuhan,25,40,,0,0,0.0,0,0,A0-F0
Wuhan,25,41,,0,0,0.0,0,0,A0-F0
Wuhan,25,39,,0,0,0.0,0,0,A0-F0
Wuhan,24,46,30.0,20,0,0.0,3,1,A3-F1
Wuhan,24,47,,0,0,0.0,0,0,A0-F0
Wuhan,25,47,,0,0,0.0,0,0,A0-F0
Wuhan,25,46,,0,0,0.0,0,0,A0-F0
Wuhan,26,46,,0,0,0.0,0,0,A0-F0
Wuhan,26,45,,0,0,0.0,0,0,A0-F0
Wuhan,26,47,,0,0,0.0,0,0,A0-F0
Wuhan,26,48,,0,0,0.0,0,0,A0-F0
Wuhan,27,45,,0,0,0.0,0,0,A0-F0
Wuhan,24,45,,0,0,0.0,0,0,A0-F0
Wuhan,25,43,,0,0,0.0,0,0,A0-F0
Wuhan,25,45,,0,0,0.0,0,0,A0-F0
Wuhan,25,44,8.0,1,0,0.0,1,1,A1-F1
Wuhan,25,42,,0,0,0.0,0,0,A0-F0
Wuhan,26,43,,0,0,0.0,0,0,A0-F0
Wuhan,26,44,,0,0,0.0,0,0,A0-F0
Wuhan,26,42,,0,0,0.0,0,0,A0-F0
Wuhan,27,44,7.235294117647059,17,0,0.0,1,1,A1-F1
Wuhan,27,43,8.0,29,0,0.0,1,1,A1-F1
Wuhan,26,39,,0,0,0.0,0,0,A0-F0
Wuhan,26,40,12.0,2,0,0.0,1,1,A1-F1
Wuhan,26,41,12.0,3,0,0.0,1,1,A1-F1
Wuhan,27,39,,0,0,0.0,0,0,A0-F0
Wuhan,27,40,12.0,3,0,0.0,1,1,A1-F1
Wuhan,27,41,12.0,10,0,0.0,1,1,A1-F1
Wuhan,28,40,,0,0,0.0,0,0,A0-F0
Wuhan,28,39,72.0,4,0,0.0,3,1,A3-F1
Wuhan,28,41,9.0,25,0,0.0,1,1,A1-F1
Wuhan,29,40,,0,1,1.0,0,0,A0-F0
Wuhan,27,46,,0,0,0.0,0,0,A0-F0
Wuhan,27,47,,0,0,0.0,0,0,A0-F0
Wuhan,27,48,,0,0,0.0,0,0,A0-F0
Wuhan,28,45,7.666666666666667,9,0,0.0,1,1,A1-F1
Wuhan,28,46,,0,0,0.0,0,0,A0-F0
Wuhan,28,47,,0,0,0.0,0,0,A0-F0
Wuhan,28,48,,0,0,0.0,0,0,A0-F0
Wuhan,29,45,,0,0,0.0,0,0,A0-F0
Wuhan,29,47,,0,0,0.0,0,0,A0-F0
Wuhan,29,48,,0,0,0.0,0,0,A0-F0
Wuhan,27,42,,0,0,0.0,0,0,A0-F0
Wuhan,28,43,8.12280701754386,342,0,0.0,1,1,A1-F1
Wuhan,28,42,7.934523809523809,168,0,0.0,1,1,A1-F1
Wuhan,28,44,3.0,9,0,0.0,1,1,A1-F1
Wuhan,29,43,9.727272727272728,77,0,0.0,1,1,A1-F1
Wuhan,29,42,7.715415019762846,253,0,0.0,1,1,A1-F1
Wuhan,29,44,11.090909090909092,11,0,0.0,1,1,A1-F1
Wuhan,30,42,5.6875,16,0,0.0,1,1,A1-F1
Wuhan,30,43,8.0,5,0,0.0,1,1,A1-F1
Wuhan,30,44,,0,0,0.0,0,0,A0-F0
Wuhan,28,50,,0,0,0.0,0,0,A0-F0
Wuhan,28,51,,0,0,0.0,0,0,A0-F0
Wuhan,29,49,,0,0,0.0,0,0,A0-F0
Wuhan,29,50,,0,0,0.0,0,0,A0-F0
Wuhan,29,51,,0,0,0.0,0,0,A0-F0
Wuhan,30,50,,0,1,1.0,0,0,A0-F0
Wuhan,30,51,,0,0,0.0,0,0,A0-F0
Wuhan,30,49,,0,0,0.0,0,0,A0-F0
Wuhan,31,50,,0,0,0.0,0,0,A0-F0
Wuhan,31,51,,0,0,0.0,0,0,A0-F0
Wuhan,20,52,,0,0,0.0,0,0,A0-F0
Wuhan,20,55,10.85,20,0,0.0,1,1,A1-F1
Wuhan,21,52,,0,0,0.0,0,0,A0-F0
Wuhan,21,53,14.0,4,0,0.0,1,1,A1-F1
Wuhan,21,55,11.119402985074627,67,0,0.0,1,1,A1-F1
Wuhan,21,54,5.0,2,0,0.0,1,1,A1-F1
Wuhan,22,55,8.0,1,0,0.0,1,1,A1-F1
Wuhan,22,53,8.0,2,0,0.0,1,1,A1-F1
Wuhan,22,54,,0,0,0.0,0,0,A0-F0
Wuhan,22,52,9.0,1,0,0.0,1,1,A1-F1
Wuhan,21,51,9.0,5,0,0.0,1,1,A1-F1
Wuhan,22,51,11.125,16,0,0.0,1,1,A1-F1
Wuhan,23,51,,0,0,0.0,0,0,A0-F0
Wuhan,21,56,8.565217391304348,46,0,0.0,1,1,A1-F1
Wuhan,21,58,,0,0,0.0,0,0,A0-F0
Wuhan,21,57,9.0,4,0,0.0,1,1,A1-F1
Wuhan,22,56,,0,0,0.0,0,0,A0-F0
Wuhan,22,57,,0,0,0.0,0,0,A0-F0
Wuhan,23,57,,0,0,0.0,0,0,A0-F0
Wuhan,23,56,,0,0,0.0,0,0,A0-F0
Wuhan,24,56,,0,0,0.0,0,0,A0-F0
Wuhan,23,53,,0,0,0.0,0,0,A0-F0
Wuhan,23,52,,0,0,0.0,0,0,A0-F0
Wuhan,23,54,,0,0,0.0,0,0,A0-F0
Wuhan,23,55,,0,0,0.0,0,0,A0-F0
Wuhan,24,54,,0,0,0.0,0,0,A0-F0
Wuhan,24,53,,0,0,0.0,0,0,A0-F0
Wuhan,24,52,,0,0,0.0,0,0,A0-F0
Wuhan,24,55,,0,0,0.0,0,0,A0-F0
Wuhan,25,52,,0,0,0.0,0,0,A0-F0
Wuhan,25,53,,0,0,0.0,0,0,A0-F0
Wuhan,24,57,,0,0,0.0,0,0,A0-F0
Wuhan,25,57,,0,0,0.0,0,0,A0-F0
Wuhan,25,56,,0,0,0.0,0,0,A0-F0
Wuhan,26,57,,0,0,0.0,0,0,A0-F0
Wuhan,26,56,,0,0,0.0,0,0,A0-F0
Wuhan,27,57,,0,0,0.0,0,0,A0-F0
Wuhan,27,56,,0,0,0.0,0,0,A0-F0
Wuhan,25,54,,0,0,0.0,0,0,A0-F0
Wuhan,25,55,,0,0,0.0,0,0,A0-F0
Wuhan,26,52,,0,0,0.0,0,0,A0-F0
Wuhan,26,55,,0,0,0.0,0,0,A0-F0
Wuhan,26,54,,0,0,0.0,0,0,A0-F0
Wuhan,26,53,,0,0,0.0,0,0,A0-F0
Wuhan,27,55,,0,0,0.0,0,0,A0-F0
Wuhan,27,52,,0,0,0.0,0,0,A0-F0
Wuhan,27,53,,0,0,0.0,0,0,A0-F0
Wuhan,27,54,,0,0,0.0,0,0,A0-F0
Wuhan,25,51,,0,0,0.0,0,0,A0-F0
Wuhan,26,49,,0,0,0.0,0,0,A0-F0
Wuhan,26,50,,0,0,0.0,0,0,A0-F0
Wuhan,26,51,,0,0,0.0,0,0,A0-F0
Wuhan,27,50,,0,0,0.0,0,0,A0-F0
Wuhan,27,49,,0,0,0.0,0,0,A0-F0
Wuhan,27,51,,0,0,0.0,0,0,A0-F0
Wuhan,28,49,,0,0,0.0,0,0,A0-F0
Wuhan,28,56,,0,0,0.0,0,0,A0-F0
Wuhan,28,57,,0,0,0.0,0,0,A0-F0
Wuhan,29,56,,0,0,0.0,0,0,A0-F0
Wuhan,28,55,,0,0,0.0,0,0,A0-F0
Wuhan,28,52,,0,0,0.0,0,0,A0-F0
Wuhan,28,53,,0,0,0.0,0,0,A0-F0
Wuhan,28,54,,0,0,0.0,0,0,A0-F0
Wuhan,29,54,,0,0,0.0,0,0,A0-F0
Wuhan,29,52,,0,0,0.0,0,0,A0-F0
Wuhan,29,53,,0,0,0.0,0,0,A0-F0
Wuhan,29,55,,0,0,0.0,0,0,A0-F0
Wuhan,30,55,,0,0,0.0,0,0,A0-F0
Wuhan,30,52,,0,0,0.0,0,0,A0-F0
Wuhan,30,54,,0,0,0.0,0,0,A0-F0
Wuhan,30,53,,0,0,0.0,0,0,A0-F0
Wuhan,31,52,,0,0,0.0,0,0,A0-F0
Wuhan,31,53,,0,0,0.0,0,0,A0-F0
Wuhan,32,52,,0,0,0.0,0,0,A0-F0
Wuhan,21,36,17.2,35,0,0.0,2,1,A2-F1
Wuhan,21,38,,0,0,0.0,0,0,A0-F0
Wuhan,22,35,17.470149253731343,134,0,0.0,2,1,A2-F1
Wuhan,22,36,14.625,120,0,0.0,1,1,A1-F1
Wuhan,22,37,18.38888888888889,126,0,0.0,2,1,A2-F1
Wuhan,22,38,9.76923076923077,26,0,0.0,1,1,A1-F1
Wuhan,23,37,6.590909090909091,22,0,0.0,1,1,A1-F1
Wuhan,23,36,10.98360655737705,61,0,0.0,1,1,A1-F1
Wuhan,23,35,37.29333333333334,75,0,0.0,3,1,A3-F1
Wuhan,23,38,33.25,16,0,0.0,3,1,A3-F1
Wuhan,23,32,34.95555555555556,90,1,1.0,3,2,A3-F2
Wuhan,24,32,36.83510638297872,188,0,0.0,3,1,A3-F1
Wuhan,24,33,34.278301886792455,212,0,0.0,3,1,A3-F1
Wuhan,24,34,25.30708661417323,127,0,0.0,3,1,A3-F1
Wuhan,25,32,56.27586206896552,29,0,0.0,3,1,A3-F1
Wuhan,25,33,34.0,1,0,0.0,3,1,A3-F1
Wuhan,25,34,,0,0,0.0,0,0,A0-F0
Wuhan,26,34,19.484848484848484,33,0,0.0,2,1,A2-F1
Wuhan,26,32,,0,0,0.0,0,0,A0-F0
Wuhan,26,33,21.61111111111111,18,0,0.0,2,1,A2-F1
Wuhan,24,36,,0,0,0.0,0,0,A0-F0
Wuhan,24,37,29.0,5,0,0.0,3,1,A3-F1
Wuhan,24,35,40.59375,32,0,0.0,3,1,A3-F1
Wuhan,24,38,29.0,1,0,0.0,3,1,A3-F1
Wuhan,25,36,,0,0,0.0,0,0,A0-F0
Wuhan,25,35,,0,0,0.0,0,0,A0-F0
Wuhan,25,37,,0,0,0.0,0,0,A0-F0
Wuhan,25,38,29.0,3,0,0.0,3,1,A3-F1
Wuhan,26,35,,0,0,0.0,0,0,A0-F0
Wuhan,26,36,,0,0,0.0,0,0,A0-F0
Wuhan,25,31,34.0,59,0,0.0,3,1,A3-F1
Wuhan,26,28,31.88405797101449,69,0,0.0,3,1,A3-F1
Wuhan,26,29,34.5,10,0,0.0,3,1,A3-F1
Wuhan,26,30,39.121212121212125,33,0,0.0,3,1,A3-F1
Wuhan,26,31,74.71428571428571,21,0,0.0,3,1,A3-F1
Wuhan,27,31,85.33333333333333,3,0,0.0,3,1,A3-F1
Wuhan,27,28,34.869565217391305,46,1,1.0,3,2,A3-F2
Wuhan,27,29,,0,0,0.0,0,0,A0-F0
Wuhan,27,30,,0,0,0.0,0,0,A0-F0
Wuhan,28,31,,0,0,0.0,0,0,A0-F0
Wuhan,26,37,,0,0,0.0,0,0,A0-F0
Wuhan,26,38,72.0,67,0,0.0,3,1,A3-F1
Wuhan,27,37,,0,0,0.0,0,0,A0-F0
Wuhan,27,35,,0,0,0.0,0,0,A0-F0
Wuhan,27,36,,0,0,0.0,0,0,A0-F0
Wuhan,27,38,72.0,4,0,0.0,3,1,A3-F1
Wuhan,28,35,72.0,1,0,0.0,3,1,A3-F1
Wuhan,28,38,72.0,9,0,0.0,3,1,A3-F1
Wuhan,28,37,72.0,26,0,0.0,3,1,A3-F1
Wuhan,28,36,,0,0,0.0,0,0,A0-F0
Wuhan,27,34,72.0,8,0,0.0,3,1,A3-F1
Wuhan,27,33,72.0,13,0,0.0,3,1,A3-F1
Wuhan,27,32,72.0,28,0,0.0,3,1,A3-F1
Wuhan,28,34,72.0,3,0,0.0,3,1,A3-F1
Wuhan,28,33,72.0,38,0,0.0,3,1,A3-F1
Wuhan,28,32,72.0,33,0,0.0,3,1,A3-F1
Wuhan,29,33,72.0,4,0,0.0,3,1,A3-F1
Wuhan,29,34,,0,0,0.0,0,0,A0-F0
Wuhan,29,32,72.0,3,0,0.0,3,1,A3-F1
Wuhan,30,34,72.0,4,0,0.0,3,1,A3-F1
Wuhan,28,28,69.0,2,0,0.0,3,1,A3-F1
Wuhan,28,29,,0,0,0.0,0,0,A0-F0
Wuhan,28,30,,0,0,0.0,0,0,A0-F0
Wuhan,29,30,,0,0,0.0,0,0,A0-F0
Wuhan,29,28,55.95238095238095,21,0,0.0,3,1,A3-F1
Wuhan,29,29,72.0,2,0,0.0,3,1,A3-F1
Wuhan,29,31,,0,0,0.0,0,0,A0-F0
Wuhan,30,28,37.333333333333336,111,0,0.0,3,1,A3-F1
Wuhan,30,31,,0,0,0.0,0,0,A0-F0
Wuhan,30,29,71.16666666666667,6,0,0.0,3,1,A3-F1
Wuhan,29,38,72.0,11,0,0.0,3,1,A3-F1
Wuhan,29,36,56.5,4,0,0.0,3,1,A3-F1
Wuhan,29,35,72.0,3,0,0.0,3,1,A3-F1
Wuhan,29,37,46.9,10,0,0.0,3,1,A3-F1
Wuhan,30,36,46.1875,16,0,0.0,3,1,A3-F1
Wuhan,30,35,72.0,5,0,0.0,3,1,A3-F1
Wuhan,30,37,72.0,7,0,0.0,3,1,A3-F1
Wuhan,30,38,,0,0,0.0,0,0,A0-F0
Wuhan,31,36,13.0,14,0,0.0,1,1,A1-F1
Wuhan,31,37,20.0,36,0,0.0,2,1,A2-F1
Wuhan,30,30,,0,0,0.0,0,0,A0-F0
Wuhan,31,28,26.234782608695653,115,0,0.0,3,1,A3-F1
Wuhan,31,29,67.6923076923077,13,0,0.0,3,1,A3-F1
Wuhan,31,30,,0,0,0.0,0,0,A0-F0
Wuhan,31,31,,0,0,0.0,0,0,A0-F0
Wuhan,32,29,49.32,25,0,0.0,3,1,A3-F1
Wuhan,32,28,18.062893081761008,159,0,0.0,2,1,A2-F1
Wuhan,32,30,,0,0,0.0,0,0,A0-F0
Wuhan,32,31,,0,0,0.0,0,0,A0-F0
Wuhan,33,29,13.008620689655173,116,2,2.0,1,3,A1-F3
Wuhan,30,33,,0,0,0.0,0,0,A0-F0
Wuhan,30,32,,0,0,0.0,0,0,A0-F0
Wuhan,31,33,,0,0,0.0,0,0,A0-F0
Wuhan,31,34,72.0,9,0,0.0,3,1,A3-F1
Wuhan,31,32,,0,0,0.0,0,0,A0-F0
Wuhan,32,32,,0,0,0.0,0,0,A0-F0
Wuhan,32,33,72.0,10,0,0.0,3,1,A3-F1
Wuhan,32,34,72.0,5,0,0.0,3,1,A3-F1
Wuhan,33,32,,0,0,0.0,0,0,A0-F0
Wuhan,33,34,19.317073170731707,41,0,0.0,2,1,A2-F1
Wuhan,31,35,72.0,69,0,0.0,3,1,A3-F1
Wuhan,31,38,27.394736842105264,38,0,0.0,3,1,A3-F1
Wuhan,32,36,61.098591549295776,71,0,0.0,3,1,A3-F1
Wuhan,32,37,50.0625,32,0,0.0,3,1,A3-F1
Wuhan,32,38,44.534351145038165,131,0,0.0,3,1,A3-F1
Wuhan,32,35,72.0,1,0,0.0,3,1,A3-F1
Wuhan,33,36,64.925,40,0,0.0,3,1,A3-F1
Wuhan,33,35,26.17391304347826,69,0,0.0,3,1,A3-F1
Wuhan,33,37,64.0,2,0,0.0,3,1,A3-F1
Wuhan,34,36,41.0,2,0,0.0,3,1,A3-F1
Wuhan,32,41,,0,0,0.0,0,0,A0-F0
Wuhan,33,39,3.0,14,0,0.0,1,1,A1-F1
Wuhan,33,40,17.0,1,0,0.0,2,1,A2-F1
Wuhan,33,41,,0,0,0.0,0,0,A0-F0
Wuhan,33,38,26.267605633802816,71,0,0.0,3,1,A3-F1
Wuhan,34,39,16.916666666666668,12,0,0.0,2,1,A2-F1
Wuhan,34,41,,0,0,0.0,0,0,A0-F0
Wuhan,34,40,11.333333333333334,12,0,0.0,1,1,A1-F1
Wuhan,34,38,,0,0,0.0,0,0,A0-F0
Wuhan,35,39,28.428571428571427,7,0,0.0,3,1,A3-F1
Wuhan,33,30,11.0,57,0,0.0,1,1,A1-F1
Wuhan,33,28,13.571428571428571,63,0,0.0,1,1,A1-F1
Wuhan,33,31,10.0,1,0,0.0,1,1,A1-F1
Wuhan,34,31,10.0,2,0,0.0,1,1,A1-F1
Wuhan,34,30,9.365079365079366,63,1,1.0,1,2,A1-F2
Wuhan,34,29,11.214285714285714,56,0,0.0,1,1,A1-F1
Wuhan,34,28,15.833333333333334,42,0,0.0,1,1,A1-F1
Wuhan,35,29,6.758620689655173,58,0,0.0,1,1,A1-F1
Wuhan,35,28,12.823529411764708,102,1,1.0,1,2,A1-F2
Wuhan,35,30,9.511627906976743,43,0,0.0,1,1,A1-F1
Wuhan,33,33,15.714285714285714,7,0,0.0,1,1,A1-F1
Wuhan,34,32,,0,0,0.0,0,0,A0-F0
Wuhan,34,34,,0,0,0.0,0,0,A0-F0
Wuhan,34,33,,0,0,0.0,0,0,A0-F0
Wuhan,35,33,15.766666666666667,30,0,0.0,1,1,A1-F1
Wuhan,35,32,10.123893805309734,113,0,0.0,1,1,A1-F1
Wuhan,35,34,16.764705882352942,17,0,0.0,2,1,A2-F1
Wuhan,36,32,7.217391304347826,23,0,0.0,1,1,A1-F1
Wuhan,36,34,12.6,5,0,0.0,1,1,A1-F1
Wuhan,36,33,8.0,11,0,0.0,1,1,A1-F1
Wuhan,34,37,,0,0,0.0,0,0,A0-F0
Wuhan,34,35,26.0,9,0,0.0,3,1,A3-F1
Wuhan,35,36,27.0,3,0,0.0,3,1,A3-F1
Wuhan,35,37,,0,0,0.0,0,0,A0-F0
Wuhan,35,35,68.0,9,0,0.0,3,1,A3-F1
Wuhan,36,36,,0,0,0.0,0,0,A0-F0
Wuhan,36,37,,0,0,0.0,0,0,A0-F0
Wuhan,36,35,33.0,38,0,0.0,3,1,A3-F1
Wuhan,37,37,,0,0,0.0,0,0,A0-F0
Wuhan,37,35,14.022222222222222,45,0,0.0,1,1,A1-F1
Wuhan,35,40,32.7037037037037,27,0,0.0,3,1,A3-F1
Wuhan,35,38,67.0,1,0,0.0,3,1,A3-F1
Wuhan,35,41,25.014705882352946,136,0,0.0,3,1,A3-F1
Wuhan,36,40,24.880434782608692,92,0,0.0,3,1,A3-F1
Wuhan,36,38,,0,0,0.0,0,0,A0-F0
Wuhan,36,39,,0,0,0.0,0,0,A0-F0
Wuhan,36,41,21.699481865284973,193,0,0.0,2,1,A2-F1
Wuhan,37,40,,0,0,0.0,0,0,A0-F0
Wuhan,37,41,,0,0,0.0,0,0,A0-F0
Wuhan,37,39,,0,0,0.0,0,0,A0-F0
Wuhan,37,36,10.0,1,0,0.0,1,1,A1-F1
Wuhan,38,35,22.77777777777778,9,0,0.0,2,1,A2-F1
Wuhan,38,37,,0,0,0.0,0,0,A0-F0
Wuhan,38,36,,0,0,0.0,0,0,A0-F0
Wuhan,39,35,26.83333333333333,12,0,0.0,3,1,A3-F1
Wuhan,39,36,,0,0,0.0,0,0,A0-F0
Wuhan,39,37,,0,0,0.0,0,0,A0-F0
Wuhan,40,35,14.0,2,0,0.0,1,1,A1-F1
Wuhan,40,37,,0,0,0.0,0,0,A0-F0
Wuhan,40,36,27.0,1,0,0.0,3,1,A3-F1
Wuhan,37,33,13.361702127659576,47,0,0.0,1,1,A1-F1
Wuhan,37,34,24.68,25,0,0.0,3,1,A3-F1
Wuhan,37,32,20.52,125,0,0.0,2,1,A2-F1
Wuhan,38,32,19.754464285714285,224,0,0.0,2,1,A2-F1
Wuhan,38,34,37.375,32,0,0.0,3,1,A3-F1
Wuhan,38,33,9.771428571428572,35,0,0.0,1,1,A1-F1
Wuhan,39,33,29.41176470588235,17,0,0.0,3,1,A3-F1
Wuhan,39,32,34.30882352941177,68,1,1.0,3,2,A3-F2
Wuhan,39,34,23.75,8,0,0.0,2,1,A2-F1
Wuhan,40,31,34.916666666666664,132,0,0.0,3,1,A3-F1
Wuhan,37,38,,0,0,0.0,0,0,A0-F0
Wuhan,38,40,,0,0,0.0,0,0,A0-F0
Wuhan,38,41,,0,0,0.0,0,0,A0-F0
Wuhan,38,38,,0,0,0.0,0,0,A0-F0
Wuhan,38,39,,0,0,0.0,0,0,A0-F0
Wuhan,39,41,,0,0,0.0,0,0,A0-F0
Wuhan,39,40,22.0,1,0,0.0,2,1,A2-F1
Wuhan,39,38,,0,0,0.0,0,0,A0-F0
Wuhan,39,39,,0,0,0.0,0,0,A0-F0
Wuhan,40,39,22.0,1,0,0.0,2,1,A2-F1
Wuhan,40,32,28.69047619047619,126,0,0.0,3,1,A3-F1
Wuhan,40,34,15.5,34,0,0.0,1,1,A1-F1
Wuhan,40,33,10.088888888888889,45,0,0.0,1,1,A1-F1
Wuhan,41,32,25.38095238095238,63,0,0.0,3,1,A3-F1
Wuhan,41,34,23.0,46,0,0.0,2,1,A2-F1
Wuhan,41,31,23.97058823529412,34,0,0.0,2,1,A2-F1
Wuhan,41,33,19.608247422680414,97,0,0.0,2,1,A2-F1
Wuhan,42,32,,0,0,0.0,0,0,A0-F0
Wuhan,42,34,1.0,31,0,0.0,1,1,A1-F1
Wuhan,42,31,,0,0,0.0,0,0,A0-F0
Wuhan,7,11,,0,0,0.0,0,0,A0-F0
Wuhan,7,8,,0,0,0.0,0,0,A0-F0
Wuhan,7,9,,0,0,0.0,0,0,A0-F0
Wuhan,8,11,,0,0,0.0,0,0,A0-F0
Wuhan,8,9,,0,0,0.0,0,0,A0-F0
Wuhan,8,7,,0,0,0.0,0,0,A0-F0
Wuhan,9,7,,0,0,0.0,0,0,A0-F0
Wuhan,9,6,,0,0,0.0,0,0,A0-F0
Wuhan,10,6,,0,0,0.0,0,0,A0-F0
Wuhan,10,7,,0,0,0.0,0,0,A0-F0
Wuhan,1,18,25.851063829787236,47,0,0.0,3,1,A3-F1
Wuhan,1,17,19.857142857142858,7,0,0.0,2,1,A2-F1
Wuhan,2,18,,0,0,0.0,0,0,A0-F0
Wuhan,2,17,,0,0,0.0,0,0,A0-F0
Wuhan,3,18,,0,0,0.0,0,0,A0-F0
Wuhan,3,17,,0,0,0.0,0,0,A0-F0
Wuhan,4,18,,0,0,0.0,0,0,A0-F0
Wuhan,4,20,,0,0,0.0,0,0,A0-F0
Wuhan,4,19,,0,0,0.0,0,0,A0-F0
Wuhan,5,19,,0,0,0.0,0,0,A0-F0
Wuhan,5,20,,0,0,0.0,0,0,A0-F0
Wuhan,6,12,,0,0,0.0,0,0,A0-F0
Wuhan,7,12,,0,0,0.0,0,0,A0-F0
Wuhan,7,13,,0,0,0.0,0,0,A0-F0
Wuhan,8,12,,0,0,0.0,0,0,A0-F0
Wuhan,8,13,,0,0,0.0,0,0,A0-F0
Wuhan,9,12,,0,0,0.0,0,0,A0-F0
Wuhan,9,13,,0,0,0.0,0,0,A0-F0
Wuhan,10,13,,0,0,0.0,0,0,A0-F0
Wuhan,10,12,,0,0,0.0,0,0,A0-F0
Wuhan,8,8,,0,0,0.0,0,0,A0-F0
Wuhan,8,10,,0,0,0.0,0,0,A0-F0
Wuhan,9,11,,0,0,0.0,0,0,A0-F0
Wuhan,9,9,,0,0,0.0,0,0,A0-F0
Wuhan,9,8,,0,0,0.0,0,0,A0-F0
Wuhan,9,10,,0,0,0.0,0,0,A0-F0
Wuhan,10,11,,0,0,0.0,0,0,A0-F0
Wuhan,10,9,8.0,1,0,0.0,1,1,A1-F1
Wuhan,10,8,,0,0,0.0,0,0,A0-F0
Wuhan,10,10,,0,0,0.0,0,0,A0-F0
Wuhan,11,16,4.714285714285714,7,0,0.0,1,1,A1-F1
Wuhan,11,17,,0,0,0.0,0,0,A0-F0
Wuhan,11,15,14.0,2,0,0.0,1,1,A1-F1
Wuhan,12,17,19.0,3,0,0.0,2,1,A2-F1
Wuhan,1,19,19.074074074074076,27,0,0.0,2,1,A2-F1
Wuhan,1,20,17.875,32,0,0.0,2,1,A2-F1
Wuhan,2,19,,0,0,0.0,0,0,A0-F0
Wuhan,2,20,17.0,12,0,0.0,2,1,A2-F1
Wuhan,3,19,,0,1,1.0,0,0,A0-F0
Wuhan,3,20,17.0,14,0,0.0,2,1,A2-F1
Wuhan,3,21,,0,0,0.0,0,0,A0-F0
Wuhan,4,21,,0,0,0.0,0,0,A0-F0
Wuhan,11,27,,0,0,0.0,0,0,A0-F0
Wuhan,11,26,,0,0,0.0,0,0,A0-F0
Wuhan,12,26,,0,0,0.0,0,0,A0-F0
Wuhan,12,27,,0,0,0.0,0,0,A0-F0
Wuhan,12,25,,0,0,0.0,0,0,A0-F0
Wuhan,13,27,,0,0,0.0,0,0,A0-F0
Wuhan,13,26,,0,0,0.0,0,0,A0-F0
Wuhan,12,24,,0,0,0.0,0,0,A0-F0
Wuhan,12,23,,0,0,0.0,0,0,A0-F0
Wuhan,13,23,14.789473684210526,19,0,0.0,1,1,A1-F1
Wuhan,13,22,,0,0,0.0,0,0,A0-F0
Wuhan,13,24,,0,0,0.0,0,0,A0-F0
Wuhan,14,23,,0,0,0.0,0,0,A0-F0
Wuhan,12,18,,0,0,0.0,0,0,A0-F0
Wuhan,11,8,,0,0,0.0,0,0,A0-F0
Wuhan,11,9,,0,0,0.0,0,0,A0-F0
Wuhan,11,10,,0,0,0.0,0,0,A0-F0
Wuhan,11,11,,0,0,0.0,0,0,A0-F0
Wuhan,12,10,,0,0,0.0,0,0,A0-F0
Wuhan,12,11,,0,0,0.0,0,0,A0-F0
Wuhan,12,9,,0,0,0.0,0,0,A0-F0
Wuhan,12,8,,0,0,0.0,0,0,A0-F0
Wuhan,13,8,,0,0,0.0,0,0,A0-F0
Wuhan,13,10,,0,0,0.0,0,0,A0-F0
Wuhan,11,12,,0,0,0.0,0,0,A0-F0
Wuhan,11,13,,0,0,0.0,0,0,A0-F0
Wuhan,12,12,,0,0,0.0,0,0,A0-F0
Wuhan,12,13,,0,0,0.0,0,0,A0-F0
Wuhan,12,14,,0,0,0.0,0,0,A0-F0
Wuhan,13,14,,0,0,0.0,0,0,A0-F0
Wuhan,13,12,,0,0,0.0,0,0,A0-F0
Wuhan,13,13,,0,0,0.0,0,0,A0-F0
Wuhan,14,14,,0,0,0.0,0,0,A0-F0
Wuhan,13,21,,0,0,0.0,0,0,A0-F0
Wuhan,13,18,,0,0,0.0,0,0,A0-F0
Wuhan,14,18,,0,1,1.0129990532771265,0,0,A0-F0
Wuhan,14,21,,0,0,0.0,0,0,A0-F0
Wuhan,14,19,,0,0,0.0,0,0,A0-F0
Wuhan,12,16,12.166666666666666,48,0,0.0,1,1,A1-F1
Wuhan,12,15,3.912280701754386,57,0,0.0,1,1,A1-F1
Wuhan,13,17,10.23076923076923,52,0,0.0,1,1,A1-F1
Wuhan,13,16,11.89041095890411,73,0,0.0,1,1,A1-F1
Wuhan,13,15,15.442307692307692,104,0,0.0,1,1,A1-F1
Wuhan,14,16,13.723076923076922,65,0,0.0,1,1,A1-F1
Wuhan,14,17,19.205128205128204,39,0,0.0,2,1,A2-F1
Wuhan,14,15,16.649350649350648,77,0,0.0,2,1,A2-F1
Wuhan,15,17,38.96969696969697,33,0,0.0,3,1,A3-F1
Wuhan,15,16,18.455882352941178,68,0,0.0,2,1,A2-F1
Wuhan,13,11,,0,0,0.0,0,0,A0-F0
Wuhan,13,9,,0,0,0.0,0,0,A0-F0
Wuhan,14,8,,0,0,0.0,0,0,A0-F0
Wuhan,14,9,,0,0,0.0,0,0,A0-F0
Wuhan,14,10,27.0,8,0,0.0,3,1,A3-F1
Wuhan,15,10,,0,0,0.0,0,0,A0-F0
Wuhan,15,9,,0,0,0.0,0,0,A0-F0
Wuhan,16,10,,0,0,0.0,0,0,A0-F0
Wuhan,14,11,,0,0,0.0,0,0,A0-F0
Wuhan,14,12,9.0,1,0,0.0,1,1,A1-F1
Wuhan,14,13,9.246153846153844,65,0,0.0,1,1,A1-F1
Wuhan,15,11,,0,0,0.0,0,0,A0-F0
Wuhan,15,12,,0,0,0.0,0,0,A0-F0
Wuhan,15,14,6.0,7,0,0.0,1,1,A1-F1
Wuhan,15,13,11.583333333333334,24,0,0.0,1,1,A1-F1
Wuhan,16,11,,0,0,0.0,0,0,A0-F0
Wuhan,16,14,11.373333333333331,75,0,0.0,1,1,A1-F1
Wuhan,16,12,,0,0,0.0,0,0,A0-F0
Wuhan,15,15,5.0,3,0,0.0,1,1,A1-F1
Wuhan,16,17,37.18918918918919,37,0,0.0,3,1,A3-F1
Wuhan,16,15,14.333333333333334,9,0,0.0,1,1,A1-F1
Wuhan,16,16,17.196969696969695,66,0,0.0,2,1,A2-F1
Wuhan,17,17,10.555555555555555,9,0,0.0,1,1,A1-F1
Wuhan,17,16,17.194444444444443,36,0,0.0,2,1,A2-F1
Wuhan,17,15,9.585365853658535,41,0,0.0,1,1,A1-F1
Wuhan,18,17,14.16279069767442,43,0,0.0,1,1,A1-F1
Wuhan,18,15,7.0,21,0,0.0,1,1,A1-F1
Wuhan,18,16,10.0,3,0,0.0,1,1,A1-F1
Wuhan,16,13,,0,0,0.0,0,0,A0-F0
Wuhan,17,11,,0,0,0.0,0,0,A0-F0
Wuhan,17,12,,0,0,0.0,0,0,A0-F0
Wuhan,17,13,,0,0,0.0,0,0,A0-F0
Wuhan,17,14,6.416666666666667,60,1,1.0,1,2,A1-F2
Wuhan,18,13,,0,0,0.0,0,0,A0-F0
Wuhan,18,12,,0,0,0.0,0,0,A0-F0
Wuhan,18,14,3.0,3,0,0.0,1,1,A1-F1
Wuhan,19,12,,0,0,0.0,0,0,A0-F0
Wuhan,19,13,,0,0,0.0,0,0,A0-F0
Wuhan,19,14,,0,0,0.0,0,0,A0-F0
Wuhan,20,14,,0,0,0.0,0,0,A0-F0
Wuhan,20,11,11.210526315789474,19,0,0.0,1,1,A1-F1
Wuhan,20,12,16.5,2,0,0.0,2,1,A2-F1
Wuhan,20,13,,0,0,0.0,0,0,A0-F0
Wuhan,21,12,,0,0,0.0,0,0,A0-F0
Wuhan,21,11,18.0,4,0,0.0,2,1,A2-F1
Wuhan,21,13,15.0,3,0,0.0,1,1,A1-F1
Wuhan,11,7,,0,0,0.0,0,0,A0-F0
Wuhan,12,7,,0,0,0.0,0,0,A0-F0
Wuhan,20,9,,0,0,0.0,0,0,A0-F0
Wuhan,20,10,,0,0,0.0,0,0,A0-F0
Wuhan,20,8,,0,0,0.0,0,0,A0-F0
Wuhan,21,9,,0,0,0.0,0,0,A0-F0
Wuhan,21,10,10.0,9,0,0.0,1,1,A1-F1
Wuhan,21,8,,0,0,0.0,0,0,A0-F0
Wuhan,22,8,,0,0,0.0,0,0,A0-F0
Wuhan,22,9,10.029411764705882,34,1,1.0,1,2,A1-F2
Wuhan,22,10,10.7,10,0,0.0,1,1,A1-F1
Wuhan,23,9,10.584615384615384,65,0,0.0,1,1,A1-F1
Wuhan,22,7,10.0,1,0,0.0,1,1,A1-F1
Wuhan,13,25,,0,0,0.0,0,0,A0-F0
Wuhan,13,28,,0,0,0.0,0,0,A0-F0
Wuhan,14,27,,0,0,0.0,0,0,A0-F0
Wuhan,14,26,,0,0,0.0,0,0,A0-F0
Wuhan,14,25,,0,0,0.0,0,0,A0-F0
Wuhan,14,28,14.4375,64,0,0.0,1,1,A1-F1
Wuhan,15,27,,0,0,0.0,0,0,A0-F0
Wuhan,15,26,,0,0,0.0,0,0,A0-F0
Wuhan,15,25,,0,0,0.0,0,0,A0-F0
Wuhan,15,28,,0,0,0.0,0,0,A0-F0
Wuhan,14,22,,0,0,0.0,0,0,A0-F0
Wuhan,14,24,,0,0,0.0,0,0,A0-F0
Wuhan,15,23,5.384615384615385,13,0,0.0,1,1,A1-F1
Wuhan,15,22,10.86842105263158,152,0,0.0,1,1,A1-F1
Wuhan,15,24,,0,0,0.0,0,0,A0-F0
Wuhan,16,24,17.0,6,0,0.0,2,1,A2-F1
Wuhan,16,23,6.0,5,0,0.0,1,1,A1-F1
Wuhan,16,22,16.404388714733543,319,1,1.0,2,2,A2-F2
Wuhan,17,24,17.0,4,0,0.0,2,1,A2-F1
Wuhan,17,23,20.33333333333333,6,0,0.0,2,1,A2-F1
Wuhan,15,19,,0,0,0.0,0,0,A0-F0
Wuhan,15,20,,0,0,0.0,0,0,A0-F0
Wuhan,15,21,15.0,10,1,1.0057953889537323,1,3,A1-F3
Wuhan,15,18,,0,0,0.0,0,0,A0-F0
Wuhan,16,19,6.378947368421053,95,0,0.0,1,1,A1-F1
Wuhan,16,21,14.615384615384617,65,0,0.0,1,1,A1-F1
Wuhan,16,18,,0,0,0.0,0,0,A0-F0
Wuhan,16,20,15.2,50,0,0.0,1,1,A1-F1
Wuhan,17,20,17.166666666666668,6,0,0.0,2,1,A2-F1
Wuhan,17,19,13.666666666666666,6,0,0.0,1,1,A1-F1
Wuhan,16,27,15.0,4,0,0.0,1,1,A1-F1
Wuhan,16,26,37.76923076923077,13,0,0.0,3,1,A3-F1
Wuhan,16,25,23.94736842105263,19,0,0.0,2,1,A2-F1
Wuhan,16,28,,0,0,0.0,0,0,A0-F0
Wuhan,17,27,12.22222222222222,9,0,0.0,1,1,A1-F1
Wuhan,17,26,24.77777777777778,9,0,0.0,3,1,A3-F1
Wuhan,17,25,57.73913043478261,23,0,0.0,3,1,A3-F1
Wuhan,17,28,,0,0,0.0,0,0,A0-F0
Wuhan,18,25,16.2,5,0,0.0,2,1,A2-F1
Wuhan,18,27,19.5,2,0,0.0,2,1,A2-F1
Wuhan,17,21,15.578947368421051,19,0,0.0,1,1,A1-F1
Wuhan,17,18,17.0,8,0,0.0,2,1,A2-F1
Wuhan,18,20,11.19047619047619,21,0,0.0,1,1,A1-F1
Wuhan,18,18,9.712121212121213,66,0,0.0,1,1,A1-F1
Wuhan,18,21,36.5054945054945,91,0,0.0,3,1,A3-F1
Wuhan,18,19,6.06,50,0,0.0,1,1,A1-F1
Wuhan,19,21,60.213592233009706,103,0,0.0,3,1,A3-F1
Wuhan,19,20,9.9375,16,0,0.0,1,1,A1-F1
Wuhan,19,19,7.644444444444445,45,0,0.0,1,1,A1-F1
Wuhan,19,18,12.794117647058824,68,1,1.0,1,2,A1-F2
Wuhan,17,22,19.625,24,0,0.0,2,1,A2-F1
Wuhan,18,24,9.11111111111111,9,0,0.0,1,1,A1-F1
Wuhan,18,22,19.174863387978142,183,0,0.0,2,1,A2-F1
Wuhan,18,23,15.39622641509434,212,1,1.0,1,2,A1-F2
Wuhan,19,22,33.54545454545455,33,1,1.0,3,2,A3-F2
Wuhan,19,24,22.345454545454544,55,0,0.0,2,1,A2-F1
Wuhan,19,23,20.549295774647888,142,1,1.0,2,2,A2-F2
Wuhan,20,24,12.824742268041238,97,0,0.0,1,1,A1-F1
Wuhan,20,23,23.9625,80,0,0.0,2,1,A2-F1
Wuhan,20,22,19.38095238095238,42,0,0.0,2,1,A2-F1
Wuhan,18,31,11.984848484848484,66,0,0.0,1,1,A1-F1
Wuhan,19,30,66.575,40,0,0.0,3,1,A3-F1
Wuhan,19,31,20.126050420168067,119,0,0.0,2,1,A2-F1
Wuhan,19,29,38.0,4,0,0.0,3,1,A3-F1
Wuhan,20,28,12.0,6,0,0.0,1,1,A1-F1
Wuhan,20,30,62.88235294117647,34,0,0.0,3,1,A3-F1
Wuhan,20,29,12.0,2,0,0.0,1,1,A1-F1
Wuhan,18,28,,0,0,0.0,0,0,A0-F0
Wuhan,18,26,21.55555555555556,9,0,0.0,2,1,A2-F1
Wuhan,19,28,,0,0,0.0,0,0,A0-F0
Wuhan,19,27,71.0,1,0,0.0,3,1,A3-F1
Wuhan,19,25,15.030927835051546,97,0,0.0,1,1,A1-F1
Wuhan,19,26,18.0,3,0,0.0,2,1,A2-F1
Wuhan,20,25,13.82,150,0,0.0,1,1,A1-F1
Wuhan,20,27,,0,0,0.0,0,0,A0-F0
Wuhan,20,26,20.0,3,0,0.0,2,1,A2-F1
Wuhan,21,25,17.181818181818183,44,0,0.0,2,1,A2-F1
Wuhan,20,20,9.64516129032258,31,0,0.0,1,1,A1-F1
Wuhan,20,19,21.301369863013697,73,0,0.0,2,1,A2-F1
Wuhan,20,18,18.692307692307693,78,0,0.0,2,1,A2-F1
Wuhan,20,21,34.758620689655174,87,0,0.0,3,1,A3-F1
Wuhan,21,18,35.291666666666664,24,0,0.0,3,1,A3-F1
Wuhan,21,19,14.475409836065571,61,0,0.0,1,1,A1-F1
Wuhan,21,20,8.882352941176471,51,0,0.0,1,1,A1-F1
Wuhan,21,21,17.951219512195124,82,0,0.0,2,1,A2-F1
Wuhan,22,18,15.578947368421051,38,0,0.0,1,1,A1-F1
Wuhan,22,19,25.0,30,0,0.0,3,1,A3-F1
Wuhan,20,31,29.03076923076923,130,0,0.0,3,1,A3-F1
Wuhan,21,28,13.842105263157896,95,0,0.0,1,1,A1-F1
Wuhan,21,30,20.89240506329114,158,0,0.0,2,1,A2-F1
Wuhan,21,29,12.81967213114754,61,0,0.0,1,1,A1-F1
Wuhan,21,31,22.01418439716312,141,1,1.0,2,2,A2-F2
Wuhan,22,28,15.627218934911244,169,0,0.0,1,1,A1-F1
Wuhan,22,29,31.40740740740741,135,0,0.0,3,1,A3-F1
Wuhan,22,30,29.81012658227848,158,1,1.0,3,2,A3-F2
Wuhan,22,31,19.42948717948718,156,2,2.0,2,3,A2-F3
Wuhan,23,28,25.2319587628866,194,0,0.0,3,1,A3-F1
Wuhan,19,15,11.652173913043478,23,0,0.0,1,1,A1-F1
Wuhan,19,17,13.208955223880595,67,0,0.0,1,1,A1-F1
Wuhan,19,16,8.395348837209303,86,0,0.0,1,1,A1-F1
Wuhan,20,15,9.0,2,0,0.0,1,1,A1-F1
Wuhan,20,17,10.897435897435898,39,0,0.0,1,1,A1-F1
Wuhan,20,16,11.5,44,0,0.0,1,1,A1-F1
Wuhan,21,15,,0,0,0.0,0,0,A0-F0
Wuhan,21,16,12.0,2,1,1.0,1,2,A1-F2
Wuhan,21,17,5.137931034482759,29,0,0.0,1,1,A1-F1
Wuhan,22,15,,0,0,0.0,0,0,A0-F0
Wuhan,21,14,,0,1,1.0,0,0,A0-F0
Wuhan,22,12,4.333333333333333,6,0,0.0,1,1,A1-F1
Wuhan,22,13,8.5,2,0,0.0,1,1,A1-F1
Wuhan,22,11,4.857142857142857,7,0,0.0,1,1,A1-F1
Wuhan,22,14,6.0,1,0,0.0,1,1,A1-F1
Wuhan,23,13,5.333333333333333,3,0,0.0,1,1,A1-F1
Wuhan,23,11,5.568807339449541,109,0,0.0,1,1,A1-F1
Wuhan,23,12,5.090909090909091,33,0,0.0,1,1,A1-F1
Wuhan,23,14,9.421052631578949,19,0,0.0,1,1,A1-F1
Wuhan,24,12,6.391304347826087,69,0,0.0,1,1,A1-F1
Wuhan,22,16,,0,0,0.0,0,0,A0-F0
Wuhan,22,17,39.0,9,1,1.0,3,2,A3-F2
Wuhan,23,16,,0,0,0.0,0,0,A0-F0
Wuhan,23,15,4.0,5,0,0.0,1,1,A1-F1
Wuhan,23,17,,0,0,0.0,0,0,A0-F0
Wuhan,24,15,13.39655172413793,58,0,0.0,1,1,A1-F1
Wuhan,24,16,4.5,10,0,0.0,1,1,A1-F1
Wuhan,24,17,,0,0,0.0,0,0,A0-F0
Wuhan,25,17,,0,0,0.0,0,0,A0-F0
Wuhan,25,15,21.07070707070707,99,0,0.0,2,1,A2-F1
Wuhan,24,13,14.294117647058824,51,0,0.0,1,1,A1-F1
Wuhan,24,11,9.24561403508772,57,0,0.0,1,1,A1-F1
Wuhan,24,14,12.44,25,0,0.0,1,1,A1-F1
Wuhan,25,13,26.904761904761905,42,0,0.0,3,1,A3-F1
Wuhan,25,11,12.583333333333334,84,0,0.0,1,1,A1-F1
Wuhan,25,12,17.4,40,0,0.0,2,1,A2-F1
Wuhan,25,14,25.9618320610687,131,0,0.0,3,1,A3-F1
Wuhan,26,13,6.897435897435898,39,0,0.0,1,1,A1-F1
Wuhan,26,11,10.25,44,0,0.0,1,1,A1-F1
Wuhan,26,12,7.16,75,0,0.0,1,1,A1-F1
Wuhan,25,16,15.319444444444445,72,0,0.0,1,1,A1-F1
Wuhan,26,15,15.638095238095238,105,0,0.0,1,1,A1-F1
Wuhan,26,16,19.18918918918919,148,0,0.0,2,1,A2-F1
Wuhan,26,17,11.538461538461538,26,0,0.0,1,1,A1-F1
Wuhan,27,16,17.905982905982906,117,0,0.0,2,1,A2-F1
Wuhan,27,17,18.352,125,0,0.0,2,1,A2-F1
Wuhan,27,15,15.689922480620154,129,2,2.0,1,3,A1-F3
Wuhan,28,16,28.18421052631579,114,0,0.0,3,1,A3-F1
Wuhan,28,15,20.508474576271187,177,0,0.0,2,1,A2-F1
Wuhan,28,17,27.65753424657534,219,1,1.0,3,2,A3-F2
Wuhan,26,14,18.38532110091743,109,0,0.0,2,1,A2-F1
Wuhan,27,11,,0,0,0.0,0,0,A0-F0
Wuhan,27,12,,0,0,0.0,0,0,A0-F0
Wuhan,27,13,37.0,1,0,0.0,3,1,A3-F1
Wuhan,27,14,22.01960784313725,51,0,0.0,2,1,A2-F1
Wuhan,28,11,19.09523809523809,42,0,0.0,2,1,A2-F1
Wuhan,28,12,14.706586826347303,167,0,0.0,1,1,A1-F1
Wuhan,28,13,15.98076923076923,52,0,0.0,2,1,A2-F1
Wuhan,28,14,19.2283950617284,162,0,0.0,2,1,A2-F1
Wuhan,29,11,18.195876288659797,97,0,0.0,2,1,A2-F1
Wuhan,27,18,,0,0,0.0,0,0,A0-F0
Wuhan,28,19,19.68421052631579,19,0,0.0,2,1,A2-F1
Wuhan,28,18,23.34285714285714,35,1,1.0,2,2,A2-F2
Wuhan,28,20,24.79661016949153,236,1,1.0,3,2,A3-F2
Wuhan,29,19,,0,0,0.0,0,0,A0-F0
Wuhan,29,18,25.79591836734694,49,0,0.0,3,1,A3-F1
Wuhan,29,20,23.33333333333333,90,0,0.0,2,1,A2-F1
Wuhan,30,19,16.5,2,1,1.0,2,2,A2-F2
Wuhan,30,18,25.571428571428573,49,2,2.0,3,3,A3-F3
Wuhan,30,20,,0,0,0.0,0,0,A0-F0
Wuhan,29,12,20.184684684684683,222,0,0.0,2,1,A2-F1
Wuhan,29,13,21.99014778325123,203,0,0.0,2,1,A2-F1
Wuhan,29,14,19.985714285714284,70,0,0.0,2,1,A2-F1
Wuhan,30,12,17.45098039215686,153,0,0.0,2,1,A2-F1
Wuhan,30,13,30.505494505494507,91,0,0.0,3,1,A3-F1
Wuhan,30,11,22.173076923076923,208,0,0.0,2,1,A2-F1
Wuhan,30,14,18.22077922077922,77,0,0.0,2,1,A2-F1
Wuhan,31,12,23.295774647887324,71,0,0.0,2,1,A2-F1
Wuhan,31,13,41.40476190476191,84,0,0.0,3,1,A3-F1
Wuhan,31,14,21.714285714285715,133,2,2.0,2,3,A2-F3
Wuhan,29,16,18.857142857142858,7,0,0.0,2,1,A2-F1
Wuhan,29,15,24.06741573033708,89,0,0.0,3,1,A3-F1
Wuhan,29,17,23.241610738255037,149,0,0.0,2,1,A2-F1
Wuhan,30,16,20.814285714285717,70,0,0.0,2,1,A2-F1
Wuhan,30,15,19.329896907216494,97,0,0.0,2,1,A2-F1
Wuhan,30,17,24.288,125,0,0.0,3,1,A3-F1
Wuhan,31,16,24.1913357400722,277,3,3.0,3,3,A3-F3
Wuhan,31,15,25.40217391304348,184,0,0.0,3,1,A3-F1
Wuhan,31,17,33.95378151260504,238,0,0.0,3,1,A3-F1
Wuhan,32,16,38.70909090909091,220,1,1.0,3,2,A3-F2
Wuhan,31,11,22.901639344262296,61,2,2.0,2,3,A2-F3
Wuhan,32,12,19.10884353741497,147,0,0.0,2,1,A2-F1
Wuhan,32,13,16.724137931034484,116,0,0.0,2,1,A2-F1
Wuhan,32,11,21.84523809523809,84,0,0.0,2,1,A2-F1
Wuhan,32,14,20.40880503144654,159,0,0.0,2,1,A2-F1
Wuhan,33,14,15.95360824742268,194,0,0.0,2,1,A2-F1
Wuhan,33,11,15.03954802259887,177,1,1.0,1,2,A1-F2
Wuhan,33,12,19.95679012345679,162,0,0.0,2,1,A2-F1
Wuhan,33,13,20.02547770700637,157,0,0.0,2,1,A2-F1
Wuhan,34,11,18.04895104895105,143,0,0.0,2,1,A2-F1
Wuhan,21,22,14.917431192660551,109,0,0.0,1,1,A1-F1
Wuhan,21,24,13.157894736842104,152,0,0.0,1,1,A1-F1
Wuhan,21,23,13.33783783783784,148,0,0.0,1,1,A1-F1
Wuhan,22,22,18.41048034934498,229,0,0.0,2,1,A2-F1
Wuhan,22,24,16.615384615384617,104,0,0.0,2,1,A2-F1
Wuhan,22,23,14.453947368421051,152,0,0.0,1,1,A1-F1
Wuhan,23,22,21.18421052631579,266,0,0.0,2,1,A2-F1
Wuhan,23,24,17.125,56,1,1.0,2,2,A2-F2
Wuhan,23,23,18.601190476190474,168,0,0.0,2,1,A2-F1
Wuhan,24,22,20.90759075907591,303,2,2.0,2,3,A2-F3
Wuhan,21,27,12.473684210526317,19,0,0.0,1,1,A1-F1
Wuhan,21,26,20.0,3,0,0.0,2,1,A2-F1
Wuhan,22,25,20.14102564102564,156,1,1.0,2,2,A2-F2
Wuhan,22,27,17.604938271604937,81,0,0.0,2,1,A2-F1
Wuhan,22,26,19.308823529411764,68,0,0.0,2,1,A2-F1
Wuhan,23,25,14.794392523364486,107,0,0.0,1,1,A1-F1
Wuhan,23,27,26.84090909090909,132,0,0.0,3,1,A3-F1
Wuhan,23,26,23.24025974025974,154,0,0.0,2,1,A2-F1
Wuhan,24,25,30.447916666666668,192,0,0.0,3,1,A3-F1
Wuhan,24,27,56.38620689655173,145,0,0.0,3,1,A3-F1
Wuhan,22,20,11.393258426966293,89,0,0.0,1,1,A1-F1
Wuhan,22,21,15.770642201834862,109,0,0.0,1,1,A1-F1
Wuhan,23,18,13.72222222222222,36,0,0.0,1,1,A1-F1
Wuhan,23,20,26.800995024875625,201,0,0.0,3,1,A3-F1
Wuhan,23,19,25.693877551020407,49,1,1.0,3,2,A3-F2
Wuhan,23,21,16.261194029850746,134,0,0.0,2,1,A2-F1
Wuhan,24,20,27.46280991735537,121,0,0.0,3,1,A3-F1
Wuhan,24,19,16.415384615384614,65,0,0.0,2,1,A2-F1
Wuhan,24,18,14.0,7,0,0.0,1,1,A1-F1
Wuhan,24,21,23.45378151260504,119,0,0.0,2,1,A2-F1
Wuhan,23,29,19.28985507246377,138,1,1.0,2,2,A2-F2
Wuhan,23,30,13.65193370165746,181,2,2.0,1,3,A1-F3
Wuhan,23,31,20.620481927710845,166,0,0.0,2,1,A2-F1
Wuhan,24,28,28.8,150,0,0.0,3,1,A3-F1
Wuhan,24,29,46.977777777777774,90,0,0.0,3,1,A3-F1
Wuhan,24,30,34.38636363636363,44,0,0.0,3,1,A3-F1
Wuhan,24,31,24.813253012048197,166,0,0.0,3,1,A3-F1
Wuhan,25,28,19.412790697674417,172,0,0.0,2,1,A2-F1
Wuhan,25,30,21.285714285714285,14,0,0.0,2,1,A2-F1
Wuhan,25,29,55.35294117647059,17,0,0.0,3,1,A3-F1
Wuhan,24,23,21.728571428571428,140,0,0.0,2,1,A2-F1
Wuhan,24,24,26.1271186440678,118,1,1.0,3,2,A3-F2
Wuhan,25,23,22.14666666666667,225,0,0.0,2,1,A2-F1
Wuhan,25,22,23.446153846153845,195,0,0.0,2,1,A2-F1
Wuhan,25,24,15.231638418079095,177,1,1.0,1,2,A1-F2
Wuhan,26,23,22.217391304347824,276,6,6.0,2,3,A2-F3
Wuhan,26,24,19.33333333333333,183,0,0.0,2,1,A2-F1
Wuhan,26,22,27.47524752475248,202,1,1.0,3,2,A3-F2
Wuhan,27,24,27.97087378640777,206,2,2.0,3,3,A3-F3
Wuhan,27,22,31.825396825396822,189,0,0.0,3,1,A3-F1
Wuhan,24,26,57.528301886792455,212,0,0.0,3,1,A3-F1
Wuhan,25,26,43.65326633165829,199,2,2.0,3,3,A3-F3
Wuhan,25,27,42.12222222222222,180,1,1.0,3,2,A3-F2
Wuhan,25,25,33.29218106995885,243,1,1.0,3,2,A3-F2
Wuhan,26,26,20.430851063829788,188,0,0.0,2,1,A2-F1
Wuhan,26,27,28.824074074074076,108,0,0.0,3,1,A3-F1
Wuhan,26,25,17.02,100,0,0.0,2,1,A2-F1
Wuhan,27,26,41.903930131004365,229,0,0.0,3,1,A3-F1
Wuhan,27,25,27.003205128205128,312,0,0.0,3,1,A3-F1
Wuhan,27,27,58.30769230769231,104,0,0.0,3,1,A3-F1
Wuhan,25,18,,0,0,0.0,0,0,A0-F0
Wuhan,25,20,22.905172413793103,116,0,0.0,2,1,A2-F1
Wuhan,25,19,27.743589743589745,39,0,0.0,3,1,A3-F1
Wuhan,25,21,22.3006993006993,143,1,1.0,2,2,A2-F2
Wuhan,26,18,,0,0,0.0,0,0,A0-F0
Wuhan,26,19,38.36231884057971,69,0,0.0,3,1,A3-F1
Wuhan,26,21,31.49700598802395,167,0,0.0,3,1,A3-F1
Wuhan,26,20,30.189300411522638,243,2,2.0,3,3,A3-F3
Wuhan,27,19,36.858823529411765,85,0,0.0,3,1,A3-F1
Wuhan,27,20,27.594306049822062,281,7,7.0,3,3,A3-F3
Wuhan,27,21,32.6,140,0,0.0,3,1,A3-F1
Wuhan,27,23,23.105042016806724,238,0,0.0,2,1,A2-F1
Wuhan,28,21,29.991869918699187,246,0,0.0,3,1,A3-F1
Wuhan,28,23,17.578181818181818,275,0,0.0,2,1,A2-F1
Wuhan,28,24,22.345911949685533,159,1,1.0,2,2,A2-F2
Wuhan,28,22,33.583673469387755,245,0,0.0,3,1,A3-F1
Wuhan,29,24,13.63095238095238,84,0,0.0,1,1,A1-F1
Wuhan,29,23,31.7887323943662,71,3,3.0,3,3,A3-F3
Wuhan,29,21,21.926174496644297,149,2,2.0,2,3,A2-F3
Wuhan,29,22,23.48031496062992,127,2,2.0,2,3,A2-F3
Wuhan,28,26,27.82051282051282,78,0,0.0,3,1,A3-F1
Wuhan,28,25,25.37184115523466,277,0,0.0,3,1,A3-F1
Wuhan,28,27,51.91891891891892,37,0,0.0,3,1,A3-F1
Wuhan,29,26,28.386740331491712,181,1,1.0,3,2,A3-F2
Wuhan,29,25,15.7578125,128,0,0.0,1,1,A1-F1
Wuhan,29,27,46.63076923076923,65,0,0.0,3,1,A3-F1
Wuhan,30,26,18.62987012987013,154,0,0.0,2,1,A2-F1
Wuhan,30,27,25.99425287356322,174,0,0.0,3,1,A3-F1
Wuhan,30,25,20.0,19,0,0.0,2,1,A2-F1
Wuhan,31,27,22.53917050691244,217,1,1.0,2,2,A2-F2
Wuhan,30,22,27.16455696202532,79,0,0.0,3,1,A3-F1
Wuhan,30,24,22.0,3,0,0.0,2,1,A2-F1
Wuhan,30,23,,0,0,0.0,0,0,A0-F0
Wuhan,30,21,18.238636363636363,88,0,0.0,2,1,A2-F1
Wuhan,31,24,61.865671641791046,67,0,0.0,3,1,A3-F1
Wuhan,31,23,21.959016393442624,122,0,0.0,2,1,A2-F1
Wuhan,31,21,8.333333333333334,12,0,0.0,1,1,A1-F1
Wuhan,31,22,20.866666666666667,135,0,0.0,2,1,A2-F1
Wuhan,32,24,40.4093567251462,171,1,1.0,3,2,A3-F2
Wuhan,32,23,26.933649289099527,211,2,2.0,3,3,A3-F3
Wuhan,23,7,15.525,40,0,0.0,1,1,A1-F1
Wuhan,25,4,,0,0,0.0,0,0,A0-F0
Wuhan,23,8,10.147058823529411,34,1,1.2500000403422025,1,3,A1-F3
Wuhan,23,10,9.870967741935484,93,0,0.0,1,1,A1-F1
Wuhan,24,8,,0,0,0.0,0,0,A0-F0
Wuhan,24,9,11.25,56,0,0.0,1,1,A1-F1
Wuhan,24,10,11.106870229007631,131,0,0.0,1,1,A1-F1
Wuhan,25,8,18.0,9,0,0.0,2,1,A2-F1
Wuhan,25,9,17.285714285714285,7,0,0.0,2,1,A2-F1
Wuhan,25,10,,0,0,0.0,0,0,A0-F0
Wuhan,26,8,19.2,10,0,0.0,2,1,A2-F1
Wuhan,26,9,15.925531914893616,94,0,0.0,2,1,A2-F1
Wuhan,25,3,,0,0,0.0,0,0,A0-F0
Wuhan,25,2,,0,0,0.0,0,0,A0-F0
Wuhan,25,1,,0,0,0.0,0,0,A0-F0
Wuhan,26,3,,0,0,0.0,0,0,A0-F0
Wuhan,26,2,,0,0,0.0,0,0,A0-F0
Wuhan,26,1,,0,0,0.0,0,0,A0-F0
Wuhan,27,2,,0,0,0.0,0,0,A0-F0
Wuhan,26,5,,0,0,0.0,0,0,A0-F0
Wuhan,26,4,,0,0,0.0,0,0,A0-F0
Wuhan,26,7,,0,0,0.0,0,0,A0-F0
Wuhan,27,4,,0,0,0.0,0,0,A0-F0
Wuhan,27,5,,0,0,0.0,0,0,A0-F0
Wuhan,27,6,,0,0,0.0,0,0,A0-F0
Wuhan,27,7,,0,0,0.0,0,0,A0-F0
Wuhan,28,7,,0,0,0.0,0,0,A0-F0
Wuhan,28,4,,0,0,0.0,0,0,A0-F0
Wuhan,26,10,9.234375,64,0,0.0,1,1,A1-F1
Wuhan,27,8,10.640625,64,0,0.0,1,1,A1-F1
Wuhan,27,9,16.157894736842106,95,0,0.0,2,1,A2-F1
Wuhan,27,10,15.422222222222222,90,0,0.0,1,1,A1-F1
Wuhan,28,10,13.62015503875969,129,0,0.0,1,1,A1-F1
Wuhan,28,9,12.821052631578947,95,0,0.0,1,1,A1-F1
Wuhan,28,8,7.384615384615385,52,1,1.0,1,2,A1-F2
Wuhan,29,9,9.73015873015873,63,0,0.0,1,1,A1-F1
Wuhan,29,8,7.0,6,0,0.0,1,1,A1-F1
Wuhan,29,10,32.358695652173914,92,0,0.0,3,1,A3-F1
Wuhan,27,3,,0,0,0.0,0,0,A0-F0
Wuhan,28,3,6.0,14,0,0.0,1,1,A1-F1
Wuhan,28,2,7.0,2,0,0.0,1,1,A1-F1
Wuhan,29,2,36.0,6,0,0.0,3,1,A3-F1
Wuhan,29,3,11.5,8,0,0.0,1,1,A1-F1
Wuhan,30,3,8.441176470588236,34,0,0.0,1,1,A1-F1
Wuhan,30,2,,0,0,0.0,0,0,A0-F0
Wuhan,28,5,,0,0,0.0,0,0,A0-F0
Wuhan,28,6,,0,0,0.0,0,0,A0-F0
Wuhan,29,4,40.6,10,0,0.0,3,1,A3-F1
Wuhan,29,5,9.0,1,0,0.0,1,1,A1-F1
Wuhan,29,6,9.0,10,0,0.0,1,1,A1-F1
Wuhan,29,7,,0,0,0.0,0,0,A0-F0
Wuhan,30,5,3.8333333333333335,6,0,0.0,1,1,A1-F1
Wuhan,30,4,1.0,5,0,0.0,1,1,A1-F1
Wuhan,30,6,10.893617021276595,47,1,1.0,1,2,A1-F2
Wuhan,30,7,32.84615384615385,13,0,0.0,3,1,A3-F1
Wuhan,30,9,19.90780141843972,141,0,0.0,2,1,A2-F1
Wuhan,30,8,16.0,21,0,0.0,2,1,A2-F1
Wuhan,30,10,25.064039408867,203,0,0.0,3,1,A3-F1
Wuhan,31,9,24.87209302325581,86,0,0.0,3,1,A3-F1
Wuhan,31,8,14.057971014492754,69,0,0.0,1,1,A1-F1
Wuhan,31,10,24.552447552447557,143,0,0.0,3,1,A3-F1
Wuhan,32,9,48.0,1,0,0.0,3,1,A3-F1
Wuhan,32,8,13.7,10,0,0.0,1,1,A1-F1
Wuhan,32,10,17.0,1,0,0.0,2,1,A2-F1
Wuhan,33,9,21.19191919191919,99,1,1.0,2,2,A2-F2
Wuhan,31,7,12.4375,16,0,0.0,1,1,A1-F1
Wuhan,31,4,1.0,11,0,0.0,1,1,A1-F1
Wuhan,31,5,11.291666666666666,24,0,0.0,1,1,A1-F1
Wuhan,31,6,15.857142857142858,14,0,0.0,1,1,A1-F1
Wuhan,32,5,15.875,32,0,0.0,2,1,A2-F1
Wuhan,32,4,19.945945945945947,37,0,0.0,2,1,A2-F1
Wuhan,32,7,7.040816326530612,49,0,0.0,1,1,A1-F1
Wuhan,32,6,15.2,40,0,0.0,1,1,A1-F1
Wuhan,33,4,18.0625,32,0,0.0,2,1,A2-F1
Wuhan,33,5,14.145454545454545,55,0,0.0,1,1,A1-F1
Wuhan,31,1,,0,0,0.0,0,0,A0-F0
Wuhan,31,2,,0,0,0.0,0,0,A0-F0
Wuhan,31,3,4.5,6,0,0.0,1,1,A1-F1
Wuhan,32,2,24.0,3,0,0.0,3,1,A3-F1
Wuhan,32,3,22.4390243902439,41,0,0.0,2,1,A2-F1
Wuhan,32,1,11.8,20,0,0.0,1,1,A1-F1
Wuhan,33,2,,0,0,0.0,0,0,A0-F0
Wuhan,33,1,,0,0,0.0,0,0,A0-F0
Wuhan,33,3,20.33333333333333,3,0,0.0,2,1,A2-F1
Wuhan,34,1,,0,0,0.0,0,0,A0-F0
Wuhan,33,6,14.968253968253968,63,0,0.0,1,1,A1-F1
Wuhan,33,7,26.25862068965517,58,0,0.0,3,1,A3-F1
Wuhan,34,4,19.0,4,0,0.0,2,1,A2-F1
Wuhan,34,6,26.047619047619047,21,0,0.0,3,1,A3-F1
Wuhan,34,5,11.375,152,0,0.0,1,1,A1-F1
Wuhan,34,7,14.820224719101123,89,0,0.0,1,1,A1-F1
Wuhan,35,5,,0,0,0.0,0,0,A0-F0
Wuhan,35,6,19.5,2,0,0.0,2,1,A2-F1
Wuhan,35,7,15.235294117647058,51,0,0.0,1,1,A1-F1
Wuhan,33,8,19.88636363636364,176,0,0.0,2,1,A2-F1
Wuhan,33,10,18.154929577464788,71,0,0.0,2,1,A2-F1
Wuhan,34,9,17.78723404255319,141,0,0.0,2,1,A2-F1
Wuhan,34,8,19.310344827586206,58,0,0.0,2,1,A2-F1
Wuhan,34,10,30.301775147928996,169,2,2.0,3,3,A3-F3
Wuhan,35,9,14.640625,128,0,0.0,1,1,A1-F1
Wuhan,35,8,17.8978102189781,137,1,1.0,2,2,A2-F2
Wuhan,35,10,13.914634146341465,82,0,0.0,1,1,A1-F1
Wuhan,36,8,13.105555555555556,180,0,0.0,1,1,A1-F1
Wuhan,36,10,14.025641025641026,117,0,0.0,1,1,A1-F1
Wuhan,34,3,,0,0,0.0,0,0,A0-F0
Wuhan,36,5,14.27777777777778,54,0,0.0,1,1,A1-F1
Wuhan,36,4,23.11904761904762,42,0,0.0,2,1,A2-F1
Wuhan,36,6,16.363636363636363,77,0,0.0,2,1,A2-F1
Wuhan,36,7,15.634328358208956,134,0,0.0,1,1,A1-F1
Wuhan,37,5,13.2,5,1,1.0,1,2,A1-F2
Wuhan,37,4,20.753246753246756,77,0,0.0,2,1,A2-F1
Wuhan,37,6,7.9655172413793105,29,0,0.0,1,1,A1-F1
Wuhan,37,7,13.4,25,0,0.0,1,1,A1-F1
Wuhan,38,5,,0,0,0.0,0,0,A0-F0
Wuhan,38,4,19.428571428571427,7,0,0.0,2,1,A2-F1
Wuhan,36,9,13.98019801980198,101,1,1.0,1,2,A1-F2
Wuhan,37,8,18.125,72,1,1.0,2,2,A2-F2
Wuhan,37,10,9.915966386554622,119,0,0.0,1,1,A1-F1
Wuhan,37,9,24.672131147540984,61,0,0.0,3,1,A3-F1
Wuhan,38,8,8.625,8,0,0.0,1,1,A1-F1
Wuhan,38,10,8.911111111111111,45,0,0.0,1,1,A1-F1
Wuhan,38,9,8.0,21,0,0.0,1,1,A1-F1
Wuhan,37,3,,0,0,0.0,0,0,A0-F0
Wuhan,38,6,8.08695652173913,23,0,0.0,1,1,A1-F1
Wuhan,38,7,15.357142857142858,28,0,0.0,1,1,A1-F1
Wuhan,39,5,,0,0,0.0,0,0,A0-F0
Wuhan,39,4,,0,0,0.0,0,0,A0-F0
Wuhan,39,6,4.923076923076923,13,0,0.0,1,1,A1-F1
Wuhan,39,7,4.0,6,0,0.0,1,1,A1-F1
Wuhan,29,46,,0,0,0.0,0,0,A0-F0
Wuhan,30,45,,0,0,0.0,0,0,A0-F0
Wuhan,30,47,,0,0,0.0,0,0,A0-F0
Wuhan,30,46,7.0,6,0,0.0,1,1,A1-F1
Wuhan,30,48,,0,0,0.0,0,0,A0-F0
Wuhan,31,47,,0,0,0.0,0,0,A0-F0
Wuhan,31,46,,0,0,0.0,0,0,A0-F0
Wuhan,31,48,,0,0,0.0,0,0,A0-F0
Wuhan,31,45,,0,0,0.0,0,0,A0-F0
Wuhan,32,45,10.88888888888889,9,0,0.0,1,1,A1-F1
Wuhan,29,39,,0,0,0.0,0,0,A0-F0
Wuhan,29,41,7.098039215686274,153,0,0.0,1,1,A1-F1
Wuhan,30,40,,0,0,0.0,0,0,A0-F0
Wuhan,30,39,,0,0,0.0,0,0,A0-F0
Wuhan,30,41,4.6,60,0,0.0,1,1,A1-F1
Wuhan,31,40,,0,0,0.0,0,0,A0-F0
Wuhan,31,39,,0,0,0.0,0,0,A0-F0
Wuhan,31,41,,0,0,0.0,0,0,A0-F0
Wuhan,32,40,,0,0,0.0,0,0,A0-F0
Wuhan,32,39,17.68421052631579,19,0,0.0,2,1,A2-F1
Wuhan,31,43,,0,0,0.0,0,0,A0-F0
Wuhan,31,42,,0,0,0.0,0,0,A0-F0
Wuhan,31,44,,0,0,0.0,0,0,A0-F0
Wuhan,32,44,,0,0,0.0,0,0,A0-F0
Wuhan,32,42,,0,0,0.0,0,0,A0-F0
Wuhan,32,43,,0,0,0.0,0,0,A0-F0
Wuhan,33,42,73.0,1,0,0.0,3,1,A3-F1
Wuhan,33,44,,0,0,0.0,0,0,A0-F0
Wuhan,33,43,11.0,10,0,0.0,1,1,A1-F1
Wuhan,34,43,,0,0,0.0,0,0,A0-F0
Wuhan,32,46,,0,0,0.0,0,0,A0-F0
Wuhan,32,48,,0,0,0.0,0,0,A0-F0
Wuhan,32,47,,0,0,0.0,0,0,A0-F0
Wuhan,33,45,,0,0,0.0,0,0,A0-F0
Wuhan,33,46,11.0,15,0,0.0,1,1,A1-F1
Wuhan,33,48,,0,0,0.0,0,0,A0-F0
Wuhan,33,47,,0,0,0.0,0,0,A0-F0
Wuhan,34,45,,0,0,0.0,0,0,A0-F0
Wuhan,34,48,,0,0,0.0,0,0,A0-F0
Wuhan,34,46,21.0,1,0,0.0,2,1,A2-F1
Wuhan,34,44,,0,0,0.0,0,0,A0-F0
Wuhan,34,42,,0,0,0.0,0,0,A0-F0
Wuhan,35,43,37.0,1,0,0.0,3,1,A3-F1
Wuhan,35,44,30.5,2,0,0.0,3,1,A3-F1
Wuhan,35,42,14.372549019607844,51,0,0.0,1,1,A1-F1
Wuhan,36,43,,0,0,0.0,0,0,A0-F0
Wuhan,36,42,13.538461538461538,13,0,0.0,1,1,A1-F1
Wuhan,36,44,10.0,1,0,0.0,1,1,A1-F1
Wuhan,37,42,,0,0,0.0,0,0,A0-F0
Wuhan,37,43,10.0,2,0,0.0,1,1,A1-F1
Wuhan,34,47,,0,0,0.0,0,0,A0-F0
Wuhan,35,47,,0,0,0.0,0,0,A0-F0
Wuhan,35,48,,0,0,0.0,0,0,A0-F0
Wuhan,35,45,16.666666666666668,12,0,0.0,2,1,A2-F1
Wuhan,35,46,,0,0,0.0,0,0,A0-F0
Wuhan,36,45,31.307692307692307,13,0,0.0,3,1,A3-F1
Wuhan,36,47,,0,0,0.0,0,0,A0-F0
Wuhan,36,48,,0,0,0.0,0,0,A0-F0
Wuhan,36,46,10.0,1,0,0.0,1,1,A1-F1
Wuhan,37,45,10.2,5,0,0.0,1,1,A1-F1
Wuhan,37,46,,0,0,0.0,0,0,A0-F0
Wuhan,37,47,,0,0,0.0,0,0,A0-F0
Wuhan,37,48,,0,0,0.0,0,0,A0-F0
Wuhan,38,45,,0,0,0.0,0,0,A0-F0
Wuhan,38,47,,0,0,0.0,0,0,A0-F0
Wuhan,38,48,,0,0,0.0,0,0,A0-F0
Wuhan,38,46,,0,0,0.0,0,0,A0-F0
Wuhan,39,45,,0,0,0.0,0,0,A0-F0
Wuhan,39,47,,0,0,0.0,0,0,A0-F0
Wuhan,39,48,,0,0,0.0,0,0,A0-F0
Wuhan,37,44,11.0,3,0,0.0,1,1,A1-F1
Wuhan,38,44,,0,0,0.0,0,0,A0-F0
Wuhan,38,42,,0,0,0.0,0,0,A0-F0
Wuhan,38,43,,0,0,0.0,0,0,A0-F0
Wuhan,39,44,,0,0,0.0,0,0,A0-F0
Wuhan,39,42,,0,0,0.0,0,0,A0-F0
Wuhan,39,43,,0,0,0.0,0,0,A0-F0
Wuhan,40,44,19.571428571428573,7,0,0.0,2,1,A2-F1
Wuhan,40,43,27.0,1,0,0.0,3,1,A3-F1
Wuhan,40,42,24.5,2,0,0.0,3,1,A3-F1
Wuhan,39,46,,0,0,0.0,0,0,A0-F0
Wuhan,40,46,,0,0,0.0,0,0,A0-F0
Wuhan,40,48,,0,0,0.0,0,0,A0-F0
Wuhan,40,47,,0,0,0.0,0,0,A0-F0
Wuhan,40,45,,0,0,0.0,0,0,A0-F0
Wuhan,41,46,,0,0,0.0,0,0,A0-F0
Wuhan,41,45,,0,0,0.0,0,0,A0-F0
Wuhan,41,47,,0,0,0.0,0,0,A0-F0
Wuhan,41,48,,0,0,0.0,0,0,A0-F0
Wuhan,42,46,,0,0,0.0,0,0,A0-F0
Wuhan,41,42,,0,0,0.0,0,0,A0-F0
Wuhan,41,43,,0,0,0.0,0,0,A0-F0
Wuhan,41,44,,0,0,0.0,0,0,A0-F0
Wuhan,42,42,43.75,4,0,0.0,3,1,A3-F1
Wuhan,42,43,,0,0,0.0,0,0,A0-F0
Wuhan,42,44,40.66666666666666,3,0,0.0,3,1,A3-F1
Wuhan,43,44,,0,0,0.0,0,0,A0-F0
Wuhan,43,42,27.0,3,0,0.0,3,1,A3-F1
Wuhan,43,43,,0,0,0.0,0,0,A0-F0
Wuhan,44,44,,0,0,0.0,0,0,A0-F0
Wuhan,31,49,,0,0,0.0,0,0,A0-F0
Wuhan,32,49,,0,0,0.0,0,0,A0-F0
Wuhan,32,51,,0,0,0.0,0,0,A0-F0
Wuhan,32,50,,0,0,0.0,0,0,A0-F0
Wuhan,33,51,,0,0,0.0,0,0,A0-F0
Wuhan,33,49,,0,0,0.0,0,0,A0-F0
Wuhan,33,50,,0,0,0.0,0,0,A0-F0
Wuhan,34,51,,0,0,0.0,0,0,A0-F0
Wuhan,34,49,,0,0,0.0,0,0,A0-F0
Wuhan,34,50,,0,0,0.0,0,0,A0-F0
Wuhan,33,52,,0,0,0.0,0,0,A0-F0
Wuhan,34,52,,0,0,0.0,0,0,A0-F0
Wuhan,35,50,,0,0,0.0,0,0,A0-F0
Wuhan,35,49,,0,0,0.0,0,0,A0-F0
Wuhan,35,51,,0,0,0.0,0,0,A0-F0
Wuhan,36,50,,0,0,0.0,0,0,A0-F0
Wuhan,36,49,,0,0,0.0,0,0,A0-F0
Wuhan,36,51,,0,0,0.0,0,0,A0-F0
Wuhan,37,49,,0,0,0.0,0,0,A0-F0
Wuhan,37,50,,0,0,0.0,0,0,A0-F0
Wuhan,38,49,,0,0,0.0,0,0,A0-F0
Wuhan,38,50,,0,0,0.0,0,0,A0-F0
Wuhan,39,49,,0,0,0.0,0,0,A0-F0
Wuhan,40,49,,0,0,0.0,0,0,A0-F0
Wuhan,40,41,27.0,1,0,0.0,3,1,A3-F1
Wuhan,40,38,20.64516129032258,31,0,0.0,2,1,A2-F1
Wuhan,40,40,12.0,20,0,0.0,1,1,A1-F1
Wuhan,41,39,44.0,2,0,0.0,3,1,A3-F1
Wuhan,41,41,,0,0,0.0,0,0,A0-F0
Wuhan,41,38,1.0,1,0,0.0,1,1,A1-F1
Wuhan,41,40,64.0,3,0,0.0,3,1,A3-F1
Wuhan,42,39,,0,0,0.0,0,0,A0-F0
Wuhan,42,41,,0,0,0.0,0,0,A0-F0
Wuhan,42,38,12.0,5,0,0.0,1,1,A1-F1
Wuhan,41,37,,0,0,0.0,0,0,A0-F0
Wuhan,41,36,17.0,3,0,0.0,2,1,A2-F1
Wuhan,41,35,29.0,2,0,0.0,3,1,A3-F1
Wuhan,42,37,,0,0,0.0,0,0,A0-F0
Wuhan,42,36,23.016129032258064,62,0,0.0,2,1,A2-F1
Wuhan,42,35,28.60204081632653,98,0,0.0,3,1,A3-F1
Wuhan,43,37,,0,0,0.0,0,0,A0-F0
Wuhan,43,35,,0,0,0.0,0,0,A0-F0
Wuhan,43,36,,0,0,0.0,0,0,A0-F0
Wuhan,44,37,,0,0,0.0,0,0,A0-F0
Wuhan,42,33,18.25,4,0,0.0,2,1,A2-F1
Wuhan,43,31,,0,0,0.0,0,0,A0-F0
Wuhan,43,32,,0,0,0.0,0,0,A0-F0
Wuhan,43,33,,0,0,0.0,0,0,A0-F0
Wuhan,43,34,,0,0,0.0,0,0,A0-F0
Wuhan,44,33,38.333333333333336,3,0,0.0,3,1,A3-F1
Wuhan,44,32,,0,0,0.0,0,0,A0-F0
Wuhan,44,34,,0,0,0.0,0,0,A0-F0
Wuhan,44,31,,0,0,0.0,0,0,A0-F0
Wuhan,45,31,,0,0,0.0,0,0,A0-F0
Wuhan,42,40,13.0,9,0,0.0,1,1,A1-F1
Wuhan,43,39,,0,0,0.0,0,0,A0-F0
Wuhan,43,38,,0,0,0.0,0,0,A0-F0
Wuhan,43,41,22.0,4,0,0.0,2,1,A2-F1
Wuhan,43,40,7.0,2,0,0.0,1,1,A1-F1
Wuhan,44,38,,0,0,0.0,0,0,A0-F0
Wuhan,44,39,,0,0,0.0,0,0,A0-F0
Wuhan,44,41,,0,0,0.0,0,0,A0-F0
Wuhan,44,40,,0,0,0.0,0,0,A0-F0
Wuhan,45,38,,0,0,0.0,0,0,A0-F0
Wuhan,44,35,,0,0,0.0,0,0,A0-F0
Wuhan,44,36,,0,0,0.0,0,0,A0-F0
Wuhan,45,37,,0,0,0.0,0,0,A0-F0
Wuhan,45,36,,0,0,0.0,0,0,A0-F0
Wuhan,45,35,,0,0,0.0,0,0,A0-F0
Wuhan,46,36,,0,0,0.0,0,0,A0-F0
Wuhan,46,37,,0,0,0.0,0,0,A0-F0
Wuhan,46,35,,0,0,0.0,0,0,A0-F0
Wuhan,47,36,,0,0,0.0,0,0,A0-F0
Wuhan,45,32,,0,0,0.0,0,0,A0-F0
Wuhan,45,33,,0,0,0.0,0,0,A0-F0
Wuhan,45,34,,0,0,0.0,0,0,A0-F0
Wuhan,46,32,,0,0,0.0,0,0,A0-F0
Wuhan,46,33,,0,0,0.0,0,0,A0-F0
Wuhan,46,34,,0,0,0.0,0,0,A0-F0
Wuhan,46,31,,0,0,0.0,0,0,A0-F0
Wuhan,47,31,,0,0,0.0,0,0,A0-F0
Wuhan,47,37,,0,0,0.0,0,0,A0-F0
Wuhan,42,47,,0,0,0.0,0,0,A0-F0
Wuhan,42,45,27.0,1,0,0.0,3,1,A3-F1
Wuhan,42,48,,0,0,0.0,0,0,A0-F0
Wuhan,43,46,,0,0,0.0,0,0,A0-F0
Wuhan,43,47,,0,0,0.0,0,0,A0-F0
Wuhan,43,45,45.0,6,0,0.0,3,1,A3-F1
Wuhan,44,46,,0,0,0.0,0,0,A0-F0
Wuhan,44,47,,0,0,0.0,0,0,A0-F0
Wuhan,44,45,,0,0,0.0,0,0,A0-F0
Wuhan,44,42,,0,0,0.0,0,0,A0-F0
Wuhan,44,43,,0,0,0.0,0,0,A0-F0
Wuhan,45,44,,0,0,0.0,0,0,A0-F0
Wuhan,45,43,,0,0,0.0,0,0,A0-F0
Wuhan,45,42,,0,0,0.0,0,0,A0-F0
Wuhan,46,42,,0,0,0.0,0,0,A0-F0
Wuhan,46,43,,0,0,0.0,0,0,A0-F0
Wuhan,45,45,,0,0,0.0,0,0,A0-F0
Wuhan,45,46,,0,0,0.0,0,0,A0-F0
Wuhan,45,40,,0,0,0.0,0,0,A0-F0
Wuhan,45,41,,0,0,0.0,0,0,A0-F0
Wuhan,45,39,,0,0,0.0,0,0,A0-F0
Wuhan,46,38,,0,0,0.0,0,0,A0-F0
Wuhan,46,39,,0,0,0.0,0,0,A0-F0
Wuhan,46,41,,0,0,0.0,0,0,A0-F0
Wuhan,46,40,,0,0,0.0,0,0,A0-F0
Wuhan,47,39,,0,0,0.0,0,0,A0-F0
Wuhan,47,38,,0,0,0.0,0,0,A0-F0
Wuhan,31,18,21.80590717299578,237,1,1.0,2,2,A2-F2
Wuhan,31,19,26.911894273127757,227,1,1.0,3,2,A3-F2
Wuhan,31,20,20.307692307692307,13,0,0.0,2,1,A2-F1
Wuhan,32,18,29.4885993485342,307,1,1.0,3,2,A3-F2
Wuhan,32,19,25.76408450704225,284,0,0.0,3,1,A3-F1
Wuhan,32,20,28.08695652173913,161,1,1.0,3,2,A3-F2
Wuhan,33,19,28.20189274447949,317,10,10.0,3,3,A3-F3
Wuhan,33,20,34.38364779874214,318,3,3.0,3,3,A3-F3
Wuhan,33,18,21.730232558139534,215,2,2.0,2,3,A2-F3
Wuhan,34,19,20.01090909090909,275,4,4.0,2,3,A2-F3
Wuhan,32,15,31.140684410646383,263,0,0.0,3,1,A3-F1
Wuhan,32,17,37.211920529801326,151,1,1.0,3,2,A3-F2
Wuhan,33,16,31.96887159533074,257,0,0.0,3,1,A3-F1
Wuhan,33,15,17.106951871657753,187,0,0.0,2,1,A2-F1
Wuhan,33,17,31.359223300970875,103,1,1.0,3,2,A3-F2
Wuhan,34,16,23.762626262626263,198,1,1.0,2,2,A2-F2
Wuhan,34,15,15.372881355932204,118,0,0.0,1,1,A1-F1
Wuhan,34,14,13.5,14,0,0.0,1,1,A1-F1
Wuhan,34,17,22.34659090909091,176,2,2.0,2,3,A2-F3
Wuhan,35,15,10.923076923076923,52,1,1.0,1,2,A1-F2
Wuhan,34,20,43.16666666666666,288,6,6.0,3,3,A3-F3
Wuhan,34,18,24.790794979079497,239,1,1.0,3,2,A3-F2
Wuhan,35,20,27.53301886792453,212,2,2.0,3,3,A3-F3
Wuhan,35,19,33.891696750902526,277,0,0.0,3,1,A3-F1
Wuhan,35,18,22.02887139107612,381,2,2.0,2,3,A2-F3
Wuhan,36,20,25.0,88,2,2.0,3,3,A3-F3
Wuhan,36,19,26.869791666666668,192,0,0.0,3,1,A3-F1
Wuhan,36,18,23.55454545454545,220,0,0.0,2,1,A2-F1
Wuhan,37,18,21.142857142857142,301,3,3.0,2,3,A2-F3
Wuhan,37,19,20.19277108433735,249,0,0.0,2,1,A2-F1
Wuhan,34,12,23.245989304812834,187,0,0.0,2,1,A2-F1
Wuhan,34,13,19.482993197278912,147,0,0.0,2,1,A2-F1
Wuhan,35,12,21.13903743315508,187,0,0.0,2,1,A2-F1
Wuhan,35,11,14.674157303370787,178,0,0.0,1,1,A1-F1
Wuhan,35,13,19.98581560283688,141,0,0.0,2,1,A2-F1
Wuhan,36,13,19.439655172413797,116,0,0.0,2,1,A2-F1
Wuhan,36,11,18.01851851851852,162,1,1.0,2,2,A2-F2
Wuhan,36,12,14.476190476190476,42,1,1.0,1,2,A1-F2
Wuhan,37,11,11.23076923076923,52,1,1.0,1,2,A1-F2
Wuhan,37,12,20.04255319148936,94,0,0.0,2,1,A2-F1
Wuhan,35,16,17.886363636363637,132,1,1.0,2,2,A2-F2
Wuhan,35,17,24.53242320819113,293,1,1.0,3,2,A3-F2
Wuhan,35,14,22.09090909090909,121,1,1.0,2,2,A2-F2
Wuhan,36,16,17.681818181818183,110,1,1.0,2,2,A2-F2
Wuhan,36,15,18.91549295774648,71,0,0.0,2,1,A2-F1
Wuhan,36,14,14.554054054054054,148,0,0.0,1,1,A1-F1
Wuhan,36,17,27.657894736842103,152,1,1.0,3,2,A3-F2
Wuhan,37,16,18.49514563106796,103,1,1.0,2,2,A2-F2
Wuhan,37,15,19.379310344827587,58,0,0.0,2,1,A2-F1
Wuhan,37,14,13.683168316831685,101,2,2.0,1,3,A1-F3
Wuhan,37,17,21.83783783783784,185,0,0.0,2,1,A2-F1
Wuhan,38,16,29.06024096385542,166,1,1.0,3,2,A3-F2
Wuhan,38,15,30.641921397379917,229,2,2.0,3,3,A3-F3
Wuhan,38,14,20.34131736526946,167,0,0.0,2,1,A2-F1
Wuhan,38,17,12.057142857142855,70,0,0.0,1,1,A1-F1
Wuhan,39,16,21.444444444444443,135,0,0.0,2,1,A2-F1
Wuhan,39,15,21.903553299492387,197,0,0.0,2,1,A2-F1
Wuhan,39,17,14.29054054054054,148,0,0.0,1,1,A1-F1
Wuhan,39,14,20.97752808988764,89,0,0.0,2,1,A2-F1
Wuhan,40,17,20.638461538461534,130,0,0.0,2,1,A2-F1
Wuhan,37,13,17.59016393442623,61,0,0.0,2,1,A2-F1
Wuhan,38,12,28.772727272727277,22,0,0.0,3,1,A3-F1
Wuhan,38,13,19.135593220338983,177,0,0.0,2,1,A2-F1
Wuhan,38,11,10.666666666666666,24,0,0.0,1,1,A1-F1
Wuhan,39,13,19.33333333333333,3,0,0.0,2,1,A2-F1
Wuhan,37,20,24.854054054054053,185,0,0.0,3,1,A3-F1
Wuhan,38,19,18.841463414634145,82,0,0.0,2,1,A2-F1
Wuhan,38,18,18.21794871794872,156,1,1.0,2,2,A2-F2
Wuhan,38,20,18.66197183098592,142,0,0.0,2,1,A2-F1
Wuhan,39,19,18.49723756906077,181,0,0.0,2,1,A2-F1
Wuhan,39,20,19.69364161849711,173,0,0.0,2,1,A2-F1
Wuhan,39,18,21.260416666666668,96,0,0.0,2,1,A2-F1
Wuhan,40,19,17.675,160,1,1.0,2,2,A2-F2
Wuhan,40,18,19.6,70,0,0.0,2,1,A2-F1
Wuhan,40,20,15.729064039408868,203,0,0.0,1,1,A1-F1
Wuhan,40,14,,0,0,0.0,0,0,A0-F0
Wuhan,40,15,9.0,2,0,0.0,1,1,A1-F1
Wuhan,40,16,13.505494505494504,91,0,0.0,1,1,A1-F1
Wuhan,41,16,16.75,8,0,0.0,2,1,A2-F1
Wuhan,41,17,20.955307262569832,179,0,0.0,2,1,A2-F1
Wuhan,41,18,18.6036036036036,111,0,0.0,2,1,A2-F1
Wuhan,41,20,18.255681818181817,176,1,1.0,2,2,A2-F2
Wuhan,41,19,15.053571428571429,56,0,0.0,1,1,A1-F1
Wuhan,42,20,19.84158415841584,101,0,0.0,2,1,A2-F1
Wuhan,42,19,13.580645161290322,93,0,0.0,1,1,A1-F1
Wuhan,42,18,15.065040650406504,123,0,0.0,1,1,A1-F1
Wuhan,43,20,15.86111111111111,36,0,0.0,2,1,A2-F1
Wuhan,43,19,17.161290322580644,31,0,0.0,2,1,A2-F1
Wuhan,43,18,,0,0,0.0,0,0,A0-F0
Wuhan,31,26,21.6734693877551,98,1,1.0,2,2,A2-F2
Wuhan,31,25,12.27777777777778,54,0,0.0,1,1,A1-F1
Wuhan,32,27,16.8978102189781,137,0,0.0,2,1,A2-F1
Wuhan,32,26,18.80346820809249,173,1,1.0,2,2,A2-F2
Wuhan,32,25,19.04597701149425,174,0,0.0,2,1,A2-F1
Wuhan,33,26,17.529032258064515,155,1,1.0,2,2,A2-F2
Wuhan,33,27,16.8125,112,0,0.0,2,1,A2-F1
Wuhan,33,25,22.64,125,0,0.0,2,1,A2-F1
Wuhan,34,27,12.913978494623656,93,1,1.0,1,2,A1-F2
Wuhan,34,26,17.075757575757574,132,2,2.0,2,3,A2-F3
Wuhan,32,21,,0,0,0.0,0,0,A0-F0
Wuhan,32,22,14.523809523809524,63,0,0.0,1,1,A1-F1
Wuhan,33,24,21.8768115942029,138,1,1.0,2,2,A2-F2
Wuhan,33,23,17.18918918918919,37,0,0.0,2,1,A2-F1
Wuhan,33,21,9.25,8,2,2.0,1,3,A1-F3
Wuhan,33,22,,0,0,0.0,0,0,A0-F0
Wuhan,34,24,16.107142857142858,56,1,1.0,2,2,A2-F2
Wuhan,34,22,,0,0,0.0,0,0,A0-F0
Wuhan,34,23,9.142857142857142,7,0,0.0,1,1,A1-F1
Wuhan,34,21,34.52325581395349,86,1,1.0,3,2,A3-F2
Wuhan,34,25,23.268421052631577,190,0,0.0,2,1,A2-F1
Wuhan,35,27,21.225,120,0,0.0,2,1,A2-F1
Wuhan,35,26,40.35625,160,0,0.0,3,1,A3-F1
Wuhan,35,25,25.64390243902439,205,0,0.0,3,1,A3-F1
Wuhan,36,27,27.21487603305785,121,0,0.0,3,1,A3-F1
Wuhan,36,26,35.375,104,0,0.0,3,1,A3-F1
Wuhan,36,25,15.571428571428571,56,0,0.0,1,1,A1-F1
Wuhan,37,25,22.0,1,0,0.0,2,1,A2-F1
Wuhan,37,27,15.959677419354838,124,0,0.0,2,1,A2-F1
Wuhan,37,26,21.29230769230769,65,0,0.0,2,1,A2-F1
Wuhan,35,24,25.375,56,0,0.0,3,1,A3-F1
Wuhan,35,22,9.9,10,0,0.0,1,1,A1-F1
Wuhan,35,23,,0,3,3.0,0,0,A0-F0
Wuhan,35,21,25.74609375,256,0,0.0,3,1,A3-F1
Wuhan,36,24,,0,0,0.0,0,0,A0-F0
Wuhan,36,22,16.980392156862745,51,1,1.0,2,2,A2-F2
Wuhan,36,23,,0,0,0.0,0,0,A0-F0
Wuhan,36,21,31.24,150,1,1.0,3,2,A3-F2
Wuhan,37,21,29.817757009345797,214,0,0.0,3,1,A3-F1
Wuhan,37,22,17.565656565656564,99,0,0.0,2,1,A2-F1
Wuhan,35,31,7.2,5,0,0.0,1,1,A1-F1
Wuhan,36,29,18.90449438202247,178,1,1.0,2,2,A2-F2
Wuhan,36,28,18.82017543859649,228,0,0.0,2,1,A2-F1
Wuhan,36,30,15.857142857142858,63,0,0.0,1,1,A1-F1
Wuhan,36,31,8.846153846153847,52,0,0.0,1,1,A1-F1
Wuhan,37,29,25.17560975609756,205,0,0.0,3,1,A3-F1
Wuhan,37,28,17.46927374301676,179,0,0.0,2,1,A2-F1
Wuhan,37,30,23.713541666666668,192,0,0.0,2,1,A2-F1
Wuhan,37,31,20.41549295774648,142,0,0.0,2,1,A2-F1
Wuhan,38,29,17.36842105263158,133,0,0.0,2,1,A2-F1
Wuhan,37,23,17.75,4,0,0.0,2,1,A2-F1
Wuhan,37,24,,0,0,0.0,0,0,A0-F0
Wuhan,38,23,17.0,7,0,0.0,2,1,A2-F1
Wuhan,38,21,22.186666666666667,150,1,1.0,2,2,A2-F2
Wuhan,38,22,22.310344827586206,145,1,1.0,2,2,A2-F2
Wuhan,38,24,,0,0,0.0,0,0,A0-F0
Wuhan,39,21,21.053030303030305,132,1,1.0,2,2,A2-F2
Wuhan,39,23,26.0,42,1,1.0,3,2,A3-F2
Wuhan,39,22,21.463687150837988,179,0,0.0,2,1,A2-F1
Wuhan,39,24,,0,0,0.0,0,0,A0-F0
Wuhan,38,28,31.115183246073297,191,1,1.0,3,2,A3-F2
Wuhan,38,30,18.046242774566476,173,0,0.0,2,1,A2-F1
Wuhan,38,31,21.13636363636364,220,0,0.0,2,1,A2-F1
Wuhan,39,29,18.75862068965517,58,2,2.0,2,3,A2-F3
Wuhan,39,31,30.525210084033613,238,0,0.0,3,1,A3-F1
Wuhan,39,28,5.875,8,0,0.0,1,1,A1-F1
Wuhan,39,30,23.164383561643834,73,0,0.0,2,1,A2-F1
Wuhan,40,29,17.0,6,0,0.0,2,1,A2-F1
Wuhan,40,28,,0,0,0.0,0,0,A0-F0
Wuhan,40,30,15.587301587301589,63,0,0.0,1,1,A1-F1
Wuhan,38,25,,0,1,1.0,0,0,A0-F0
Wuhan,38,27,10.236363636363636,55,0,0.0,1,1,A1-F1
Wuhan,38,26,,0,0,0.0,0,0,A0-F0
Wuhan,39,27,,0,0,0.0,0,0,A0-F0
Wuhan,39,25,,0,0,0.0,0,0,A0-F0
Wuhan,39,26,,0,0,0.0,0,0,A0-F0
Wuhan,40,27,,0,0,0.0,0,0,A0-F0
Wuhan,40,25,18.647058823529413,17,0,0.0,2,1,A2-F1
Wuhan,40,26,,0,0,0.0,0,0,A0-F0
Wuhan,41,27,,0,0,0.0,0,0,A0-F0
Wuhan,40,21,14.91578947368421,190,0,0.0,1,1,A1-F1
Wuhan,40,22,23.318471337579616,157,0,0.0,2,1,A2-F1
Wuhan,40,23,14.682926829268292,123,0,0.0,1,1,A1-F1
Wuhan,40,24,24.57692307692308,52,0,0.0,3,1,A3-F1
Wuhan,41,21,14.119402985074627,67,0,0.0,1,1,A1-F1
Wuhan,41,23,19.074074074074076,108,0,0.0,2,1,A2-F1
Wuhan,41,22,17.63905325443787,169,0,0.0,2,1,A2-F1
Wuhan,41,24,34.69047619047619,84,0,0.0,3,1,A3-F1
Wuhan,42,21,15.06060606060606,66,0,0.0,1,1,A1-F1
Wuhan,42,23,15.157894736842104,76,0,0.0,1,1,A1-F1
Wuhan,41,26,,0,0,0.0,0,0,A0-F0
Wuhan,41,25,16.40740740740741,27,0,0.0,2,1,A2-F1
Wuhan,42,25,20.696202531645568,79,0,0.0,2,1,A2-F1
Wuhan,42,27,,0,0,0.0,0,0,A0-F0
Wuhan,42,26,7.0,3,0,0.0,1,1,A1-F1
Wuhan,43,25,19.13483146067416,89,0,0.0,2,1,A2-F1
Wuhan,43,27,,0,0,0.0,0,0,A0-F0
Wuhan,43,26,54.285714285714285,14,0,0.0,3,1,A3-F1
Wuhan,44,27,21.8,5,0,0.0,2,1,A2-F1
Wuhan,44,25,5.947368421052632,19,0,0.0,1,1,A1-F1
Wuhan,42,17,22.0,16,0,0.0,2,1,A2-F1
Wuhan,44,20,29.0,2,0,0.0,3,1,A3-F1
Wuhan,44,19,,0,0,0.0,0,0,A0-F0
Wuhan,45,19,,0,0,0.0,0,0,A0-F0
Wuhan,45,20,,0,0,0.0,0,0,A0-F0
Wuhan,46,19,,0,0,0.0,0,0,A0-F0
Wuhan,41,29,,0,0,0.0,0,0,A0-F0
Wuhan,41,28,,0,0,0.0,0,0,A0-F0
Wuhan,41,30,,0,0,0.0,0,0,A0-F0
Wuhan,42,29,,0,0,0.0,0,0,A0-F0
Wuhan,42,28,,0,0,0.0,0,0,A0-F0
Wuhan,42,30,,0,0,0.0,0,0,A0-F0
Wuhan,43,29,,0,0,0.0,0,0,A0-F0
Wuhan,43,28,,0,0,0.0,0,0,A0-F0
Wuhan,43,30,,0,0,0.0,0,0,A0-F0
Wuhan,44,29,,0,0,0.0,0,0,A0-F0
Wuhan,42,22,15.569444444444445,144,2,2.0,1,3,A1-F3
Wuhan,42,24,22.23076923076923,104,0,0.0,2,1,A2-F1
Wuhan,43,21,15.25,40,0,0.0,1,1,A1-F1
Wuhan,43,23,19.25,96,1,1.0,2,2,A2-F2
Wuhan,43,22,16.037735849056602,53,0,0.0,2,1,A2-F1
Wuhan,43,24,9.424657534246576,73,1,1.0,1,2,A1-F2
Wuhan,44,21,27.0,1,0,0.0,3,1,A3-F1
Wuhan,44,23,16.864864864864863,37,0,0.0,2,1,A2-F1
Wuhan,44,22,23.3125,16,0,0.0,2,1,A2-F1
Wuhan,44,24,17.424242424242426,33,0,0.0,2,1,A2-F1
Wuhan,44,26,,0,0,0.0,0,0,A0-F0
Wuhan,45,25,17.0,5,0,0.0,2,1,A2-F1
Wuhan,45,27,25.5,20,0,0.0,3,1,A3-F1
Wuhan,45,26,14.714285714285714,7,0,0.0,1,1,A1-F1
Wuhan,46,27,30.33333333333333,3,0,0.0,3,1,A3-F1
Wuhan,46,26,,0,0,0.0,0,0,A0-F0
Wuhan,47,27,,0,0,0.0,0,0,A0-F0
Wuhan,44,28,28.25,20,0,0.0,3,1,A3-F1
Wuhan,44,30,,0,0,0.0,0,0,A0-F0
Wuhan,45,29,26.83333333333333,12,0,0.0,3,1,A3-F1
Wuhan,45,30,20.33333333333333,3,0,0.0,2,1,A2-F1
Wuhan,45,28,22.43478260869565,23,0,0.0,2,1,A2-F1
Wuhan,46,29,15.066666666666666,30,0,0.0,1,1,A1-F1
Wuhan,46,28,25.73076923076923,52,1,1.0,3,2,A3-F2
Wuhan,46,30,19.0,11,0,0.0,2,1,A2-F1
Wuhan,47,30,,0,0,0.0,0,0,A0-F0
Wuhan,47,28,17.444444444444443,9,0,0.0,2,1,A2-F1
Wuhan,45,22,,0,0,0.0,0,0,A0-F0
Wuhan,45,21,,0,0,0.0,0,0,A0-F0
Wuhan,45,23,,0,0,0.0,0,0,A0-F0
Wuhan,45,24,,0,0,0.0,0,0,A0-F0
Wuhan,46,23,,0,0,0.0,0,0,A0-F0
Wuhan,46,22,,0,0,0.0,0,0,A0-F0
Wuhan,47,29,,0,0,0.0,0,0,A0-F0
